Gmt time,Open,High,Low,Close,Volume
01.06.2018 00:00:00.000,1.16926,1.17182,1.16172,1.16602,265120.3125
03.06.2018 00:00:00.000,1.16644,1.16699,1.16605,1.16678,6549.0698
04.06.2018 00:00:00.000,1.16675,1.17447,1.16673,1.17005,240440.8438
05.06.2018 00:00:00.000,1.17005,1.17327,1.16528,1.17264,260201.125
06.06.2018 00:00:00.000,1.17264,1.17960,1.17141,1.17816,260680.4531
07.06.2018 00:00:00.000,1.17813,1.18401,1.17813,1.17934,250919.4531
08.06.2018 00:00:00.000,1.17933,1.18105,1.17274,1.17708,227996.2031
10.06.2018 00:00:00.000,1.17761,1.17860,1.17715,1.17849,7543.5
11.06.2018 00:00:00.000,1.17848,1.18207,1.17716,1.17728,208384.5938
12.06.2018 00:00:00.000,1.17729,1.18093,1.17338,1.17480,239822.7031
13.06.2018 00:00:00.000,1.17480,1.18050,1.17258,1.18035,239731.0938
14.06.2018 00:00:00.000,1.18036,1.18521,1.15611,1.15634,292842.375
15.06.2018 00:00:00.000,1.15631,1.16272,1.15436,1.16103,248240.2031
17.06.2018 00:00:00.000,1.15906,1.16030,1.15884,1.15933,9089.8203
18.06.2018 00:00:00.000,1.15933,1.16415,1.15657,1.16301,219386.4063
19.06.2018 00:00:00.000,1.16300,1.16448,1.15309,1.15883,279841.875
20.06.2018 00:00:00.000,1.15883,1.16000,1.15371,1.15779,247282.4375
21.06.2018 00:00:00.000,1.15778,1.16338,1.15085,1.16045,288911.7188
22.06.2018 00:00:00.000,1.16045,1.16750,1.16009,1.16590,250697.375
24.06.2018 00:00:00.000,1.16648,1.16730,1.16604,1.16604,14128.3203
25.06.2018 00:00:00.000,1.16607,1.17133,1.16290,1.17013,255819.4375
26.06.2018 00:00:00.000,1.17012,1.17205,1.16351,1.16498,283394.0938
27.06.2018 00:00:00.000,1.16498,1.16722,1.15410,1.15632,304107.875
28.06.2018 00:00:00.000,1.15632,1.16006,1.15275,1.15638,290169.5938
29.06.2018 00:00:00.000,1.15637,1.16906,1.15636,1.16858,289929
01.07.2018 00:00:00.000,1.16804,1.16938,1.16639,1.16790,16735.9199
02.07.2018 00:00:00.000,1.16782,1.16792,1.15915,1.16419,241338.3594
03.07.2018 00:00:00.000,1.16415,1.16732,1.16208,1.16593,257145.375
04.07.2018 00:00:00.000,1.16591,1.16820,1.16308,1.16607,191175.875
05.07.2018 00:00:00.000,1.16607,1.17203,1.16501,1.16921,263604.0625
06.07.2018 00:00:00.000,1.16921,1.17679,1.16803,1.17464,232141.7188
08.07.2018 00:00:00.000,1.17432,1.17548,1.17432,1.17521,12232.8203
09.07.2018 00:00:00.000,1.17516,1.17908,1.17330,1.17564,240438.3594
10.07.2018 00:00:00.000,1.17562,1.17628,1.16906,1.17283,241527.5781
11.07.2018 00:00:00.000,1.17283,1.17583,1.16657,1.16754,279801.4063
12.07.2018 00:00:00.000,1.16754,1.16957,1.16500,1.16644,241600.7344
13.07.2018 00:00:00.000,1.16644,1.16885,1.16133,1.16885,232020.8125
15.07.2018 00:00:00.000,1.16912,1.16943,1.16774,1.16787,8668.9004
16.07.2018 00:00:00.000,1.16787,1.17256,1.16759,1.17094,234957.1875
17.07.2018 00:00:00.000,1.17094,1.17449,1.16489,1.16534,268401.4063
18.07.2018 00:00:00.000,1.16537,1.16651,1.16022,1.16453,262116.2031
19.07.2018 00:00:00.000,1.16451,1.16789,1.15751,1.16548,314520.6563
20.07.2018 00:00:00.000,1.16549,1.17392,1.16266,1.17205,303662.7813
22.07.2018 00:00:00.000,1.17285,1.17458,1.17239,1.17407,13564.2197
23.07.2018 00:00:00.000,1.17407,1.17499,1.16839,1.16939,242800.5313
24.07.2018 00:00:00.000,1.16938,1.17171,1.16549,1.16848,251522.0313
25.07.2018 00:00:00.000,1.16848,1.17390,1.16642,1.17384,264603.125
26.07.2018 00:00:00.000,1.17383,1.17439,1.16382,1.16441,259909.5938
27.07.2018 00:00:00.000,1.16438,1.16646,1.16208,1.16585,222756.6563
29.07.2018 00:00:00.000,1.16604,1.16609,1.16563,1.16596,6492.9902
30.07.2018 00:00:00.000,1.16595,1.17190,1.16482,1.17076,195524.2188
31.07.2018 00:00:00.000,1.17077,1.17461,1.16841,1.16894,231596.9063
01.08.2018 00:00:00.000,1.16894,1.16998,1.16575,1.16635,258679.875
02.08.2018 00:00:00.000,1.16635,1.16678,1.15820,1.15853,240121.1563
03.08.2018 00:00:00.000,1.15854,1.16107,1.15605,1.15691,232033.6875
05.08.2018 00:00:00.000,1.15731,1.15732,1.15606,1.15617,9013
06.08.2018 00:00:00.000,1.15616,1.15706,1.15302,1.15584,216280.6563
07.08.2018 00:00:00.000,1.15583,1.16084,1.15518,1.16033,208616.875
08.08.2018 00:00:00.000,1.16033,1.16285,1.15734,1.16095,201341.1406
09.08.2018 00:00:00.000,1.16095,1.16194,1.15166,1.15242,236015.5
10.08.2018 00:00:00.000,1.15242,1.15366,1.13883,1.14130,294155.7813
12.08.2018 00:00:00.000,1.13731,1.14118,1.13727,1.13950,13380.3701
13.08.2018 00:00:00.000,1.13949,1.14330,1.13652,1.14009,275507.4063
14.08.2018 00:00:00.000,1.14008,1.14296,1.13304,1.13470,263991.8438
15.08.2018 00:00:00.000,1.13470,1.13551,1.13012,1.13419,253138.3281
16.08.2018 00:00:00.000,1.13419,1.14093,1.13361,1.13721,251177.2969
17.08.2018 00:00:00.000,1.13721,1.14450,1.13667,1.14396,212886.2031
19.08.2018 00:00:00.000,1.14419,1.14419,1.14357,1.14381,7754.1899
20.08.2018 00:00:00.000,1.14382,1.14934,1.13947,1.14921,218500.0156
21.08.2018 00:00:00.000,1.14919,1.16015,1.14859,1.15762,256942.7188
22.08.2018 00:00:00.000,1.15762,1.16231,1.15534,1.15862,230830.6563
23.08.2018 00:00:00.000,1.15861,1.15909,1.15301,1.15423,231280.6875
24.08.2018 00:00:00.000,1.15421,1.16400,1.15383,1.16223,228247.7656
26.08.2018 00:00:00.000,1.16189,1.16536,1.16182,1.16453,8675.0498
27.08.2018 00:00:00.000,1.16453,1.16938,1.15948,1.16844,202379.4063
28.08.2018 00:00:00.000,1.16844,1.17337,1.16628,1.16936,230813.2656
29.08.2018 00:00:00.000,1.16935,1.17107,1.16523,1.17097,235591.9688
30.08.2018 00:00:00.000,1.17097,1.17185,1.16419,1.16656,237717.9688
31.08.2018 00:00:00.000,1.16656,1.16904,1.15848,1.16054,239321.0938
02.09.2018 00:00:00.000,1.15989,1.16048,1.15929,1.15984,7368.46
03.09.2018 00:00:00.000,1.15982,1.16280,1.15892,1.16144,167184.125
04.09.2018 00:00:00.000,1.16143,1.16144,1.15304,1.15874,219819.6563
05.09.2018 00:00:00.000,1.15874,1.16401,1.15430,1.16347,257820.375
06.09.2018 00:00:00.000,1.16347,1.16595,1.16057,1.16201,235651.8594
07.09.2018 00:00:00.000,1.16202,1.16496,1.15509,1.15545,236069.8281
09.09.2018 00:00:00.000,1.15506,1.15611,1.15481,1.15608,6841.7798
10.09.2018 00:00:00.000,1.15608,1.16165,1.15262,1.15938,191802.75
11.09.2018 00:00:00.000,1.15938,1.16443,1.15657,1.15960,212981.1875
12.09.2018 00:00:00.000,1.15956,1.16499,1.15704,1.16258,228314.9844
13.09.2018 00:00:00.000,1.16256,1.17012,1.16093,1.16914,226436.8906
14.09.2018 00:00:00.000,1.16915,1.17218,1.16209,1.16246,202525.4844
16.09.2018 00:00:00.000,1.16271,1.16340,1.16222,1.16237,6933.0298
17.09.2018 00:00:00.000,1.16237,1.16983,1.16182,1.16690,188956.625
18.09.2018 00:00:00.000,1.16688,1.17245,1.16524,1.16779,230896.4688
19.09.2018 00:00:00.000,1.16780,1.17151,1.16503,1.16743,228790.7344
20.09.2018 00:00:00.000,1.16739,1.17847,1.16722,1.17758,247607.9063
21.09.2018 00:00:00.000,1.17758,1.18030,1.17329,1.17523,205755.7813
23.09.2018 00:00:00.000,1.17504,1.17532,1.17419,1.17489,7341.3101
24.09.2018 00:00:00.000,1.17485,1.18154,1.17244,1.17529,205406
25.09.2018 00:00:00.000,1.17529,1.17928,1.17312,1.17631,209077.5313
26.09.2018 00:00:00.000,1.17631,1.17981,1.17260,1.17473,308295.3438
27.09.2018 00:00:00.000,1.17473,1.17573,1.16333,1.16363,242057.5938
28.09.2018 00:00:00.000,1.16363,1.16514,1.15699,1.16053,233111.7344
30.09.2018 00:00:00.000,1.16207,1.16207,1.16031,1.16055,10926.9199
01.10.2018 00:00:00.000,1.16055,1.16249,1.15638,1.15774,206561.125
02.10.2018 00:00:00.000,1.15774,1.15803,1.15054,1.15507,244471.8281
03.10.2018 00:00:00.000,1.15507,1.15940,1.14647,1.14766,256295.7813
04.10.2018 00:00:00.000,1.14767,1.15428,1.14635,1.15178,234956.6875
05.10.2018 00:00:00.000,1.15176,1.15500,1.14842,1.15243,228647.8125
07.10.2018 00:00:00.000,1.15248,1.15289,1.15202,1.15241,7846.8901
08.10.2018 00:00:00.000,1.15241,1.15299,1.14602,1.14944,185645.3438
09.10.2018 00:00:00.000,1.14943,1.15090,1.14324,1.15051,263271.1563
10.10.2018 00:00:00.000,1.15049,1.15454,1.14801,1.15335,244674.6719
11.10.2018 00:00:00.000,1.15333,1.15996,1.15314,1.15903,296904.625
12.10.2018 00:00:00.000,1.15901,1.16107,1.15345,1.15626,228386.4063
14.10.2018 00:00:00.000,1.15448,1.15538,1.15435,1.15506,9787.9404
15.10.2018 00:00:00.000,1.15506,1.16063,1.15433,1.15832,240588.9063
16.10.2018 00:00:00.000,1.15830,1.16215,1.15662,1.15766,218541
17.10.2018 00:00:00.000,1.15767,1.15808,1.14958,1.15015,258515.6563
18.10.2018 00:00:00.000,1.15015,1.15275,1.14494,1.14542,254121.9688
19.10.2018 00:00:00.000,1.14543,1.15349,1.14332,1.15156,245465.5938
21.10.2018 00:00:00.000,1.15177,1.15182,1.15088,1.15109,8441.8096
22.10.2018 00:00:00.000,1.15109,1.15502,1.14560,1.14647,226391.5156
23.10.2018 00:00:00.000,1.14647,1.14936,1.14395,1.14711,257694.7969
24.10.2018 00:00:00.000,1.14711,1.14767,1.13792,1.13991,263498.0313
25.10.2018 00:00:00.000,1.13991,1.14329,1.13563,1.13757,252711.7969
26.10.2018 00:00:00.000,1.13757,1.14212,1.13359,1.14044,265238.125
28.10.2018 00:00:00.000,1.13944,1.14043,1.13940,1.13983,8074.6899
29.10.2018 00:00:00.000,1.13984,1.14168,1.13609,1.13760,257340.8281
30.10.2018 00:00:00.000,1.13760,1.13880,1.13406,1.13457,226853.1875
31.10.2018 00:00:00.000,1.13454,1.13602,1.13024,1.13148,252156.25
01.11.2018 00:00:00.000,1.13148,1.14244,1.13130,1.14032,242090.7344
02.11.2018 00:00:00.000,1.14032,1.14561,1.13725,1.13881,236396.875
04.11.2018 00:00:00.000,1.13886,1.13998,1.13880,1.13978,10332.9199
05.11.2018 00:00:00.000,1.13979,1.14241,1.13534,1.14087,221000.875
06.11.2018 00:00:00.000,1.14087,1.14421,1.13917,1.14416,223145.2656
07.11.2018 00:00:00.000,1.14415,1.14998,1.13950,1.14329,301569.8125
08.11.2018 00:00:00.000,1.14330,1.14467,1.13519,1.13683,253139.2656
09.11.2018 00:00:00.000,1.13683,1.13692,1.13164,1.13374,233834.4375
11.11.2018 00:00:00.000,1.13255,1.13315,1.13151,1.13240,11693.8701
12.11.2018 00:00:00.000,1.13242,1.13308,1.12158,1.12239,235386.5625
13.11.2018 00:00:00.000,1.12239,1.13216,1.12221,1.13116,293925.5938
14.11.2018 00:00:00.000,1.13116,1.13479,1.12634,1.13124,294858.75
15.11.2018 00:00:00.000,1.13125,1.13626,1.12709,1.13248,301709.5313
16.11.2018 00:00:00.000,1.13248,1.14208,1.13220,1.14198,250664.1719
18.11.2018 00:00:00.000,1.14151,1.14215,1.14066,1.14140,10852.9297
19.11.2018 00:00:00.000,1.14139,1.14646,1.13942,1.14543,215333.125
20.11.2018 00:00:00.000,1.14544,1.14725,1.13589,1.13725,243658.9844
21.11.2018 00:00:00.000,1.13725,1.14249,1.13658,1.13891,237219.7031
22.11.2018 00:00:00.000,1.13891,1.14342,1.13857,1.14031,171258.5625
23.11.2018 00:00:00.000,1.14031,1.14213,1.13280,1.13420,309152.5313
25.11.2018 00:00:00.000,1.13420,1.13427,1.13311,1.13379,8705.6699
26.11.2018 00:00:00.000,1.13380,1.13839,1.13251,1.13334,225346
27.11.2018 00:00:00.000,1.13335,1.13440,1.12776,1.12974,270933.625
28.11.2018 00:00:00.000,1.12975,1.13878,1.12674,1.13677,262112.75
29.11.2018 00:00:00.000,1.13676,1.14019,1.13490,1.13929,271028.3438
30.11.2018 00:00:00.000,1.13930,1.14006,1.13057,1.13229,259346.0625
02.12.2018 00:00:00.000,1.13541,1.13541,1.13284,1.13425,11483.54
03.12.2018 00:00:00.000,1.13423,1.13799,1.13196,1.13546,233948.4531
04.12.2018 00:00:00.000,1.13545,1.14189,1.13189,1.13429,285537.8438
05.12.2018 00:00:00.000,1.13429,1.13614,1.13113,1.13493,198398.875
06.12.2018 00:00:00.000,1.13493,1.14127,1.13212,1.13763,284906.75
07.12.2018 00:00:00.000,1.13764,1.14238,1.13606,1.13826,241395.0156
09.12.2018 00:00:00.000,1.13938,1.14070,1.13919,1.14000,10502.6201
10.12.2018 00:00:00.000,1.14000,1.14430,1.13507,1.13563,283555.2813
11.12.2018 00:00:00.000,1.13563,1.14003,1.13065,1.13222,262815.625
12.12.2018 00:00:00.000,1.13221,1.13875,1.13154,1.13731,255596.9219
13.12.2018 00:00:00.000,1.13731,1.13935,1.13313,1.13633,234346.6875
14.12.2018 00:00:00.000,1.13633,1.13653,1.12701,1.13073,225837.9688
16.12.2018 00:00:00.000,1.13048,1.13097,1.13014,1.13046,10364.1201
17.12.2018 00:00:00.000,1.13046,1.13579,1.13032,1.13497,219422.2031
18.12.2018 00:00:00.000,1.13498,1.14025,1.13369,1.13761,246677.5781
19.12.2018 00:00:00.000,1.13761,1.14395,1.13646,1.13871,398860.2188
20.12.2018 00:00:00.000,1.13871,1.14861,1.13774,1.14569,507582.5
21.12.2018 00:00:00.000,1.14569,1.14743,1.13563,1.13718,450596.7188
23.12.2018 00:00:00.000,1.13738,1.13759,1.13626,1.13727,10815.96
24.12.2018 00:00:00.000,1.13728,1.14389,1.13709,1.14043,351524.9688
25.12.2018 00:00:00.000,1.14027,1.14213,1.13967,1.14137,17998.2891
26.12.2018 00:00:00.000,1.14137,1.14168,1.13432,1.13608,257512.375
27.12.2018 00:00:00.000,1.13608,1.14544,1.13585,1.14308,546644
28.12.2018 00:00:00.000,1.14308,1.14730,1.14303,1.14450,432706.7813
30.12.2018 00:00:00.000,1.14398,1.14413,1.14362,1.14395,11840.6504
31.12.2018 00:00:00.000,1.14393,1.14711,1.14217,1.14711,300357.4688
01.01.2019 00:00:00.000,1.14682,1.14691,1.14611,1.14616,11083.4004
02.01.2019 00:00:00.000,1.14616,1.14971,1.13098,1.13129,457727.3125
03.01.2019 00:00:00.000,1.13129,1.14113,1.13104,1.13906,477058.125
04.01.2019 00:00:00.000,1.13906,1.14192,1.13459,1.13975,405137.6875
06.01.2019 00:00:00.000,1.13997,1.14136,1.13981,1.14105,11588.6201
07.01.2019 00:00:00.000,1.14106,1.14828,1.14049,1.14792,367605.8438
08.01.2019 00:00:00.000,1.14792,1.14849,1.14224,1.14579,369173.625
09.01.2019 00:00:00.000,1.14580,1.15582,1.14391,1.15546,436932.0625
10.01.2019 00:00:00.000,1.15545,1.15701,1.14847,1.15086,430070.4688
11.01.2019 00:00:00.000,1.15085,1.15405,1.14582,1.14729,361367.6563
13.01.2019 00:00:00.000,1.14609,1.14688,1.14594,1.14601,7824.1899
14.01.2019 00:00:00.000,1.14601,1.14821,1.14509,1.14730,344941.9688
15.01.2019 00:00:00.000,1.14730,1.14899,1.13821,1.14147,412579.75
16.01.2019 00:00:00.000,1.14146,1.14251,1.13779,1.14000,376023.4375
17.01.2019 00:00:00.000,1.13998,1.14062,1.13703,1.13923,382861.8125
18.01.2019 00:00:00.000,1.13923,1.14104,1.13535,1.13643,383881.6563
20.01.2019 00:00:00.000,1.13630,1.13697,1.13615,1.13655,6375.27
21.01.2019 00:00:00.000,1.13654,1.13915,1.13570,1.13693,237698.7031
22.01.2019 00:00:00.000,1.13693,1.13741,1.13363,1.13636,359363.625
23.01.2019 00:00:00.000,1.13638,1.13947,1.13508,1.13866,380794.9688
24.01.2019 00:00:00.000,1.13865,1.13917,1.12897,1.13130,438752.7188
25.01.2019 00:00:00.000,1.13131,1.14177,1.13052,1.14089,416691.9375
27.01.2019 00:00:00.000,1.14041,1.14139,1.14025,1.14131,7679.7598
28.01.2019 00:00:00.000,1.14131,1.14439,1.13904,1.14299,352719.9063
29.01.2019 00:00:00.000,1.14299,1.14504,1.14113,1.14352,421010.4375
30.01.2019 00:00:00.000,1.14351,1.15019,1.14063,1.14857,430847.7188
31.01.2019 00:00:00.000,1.14857,1.15144,1.14360,1.14486,502922.5625
01.02.2019 00:00:00.000,1.14485,1.14887,1.14346,1.14578,392885.5625
03.02.2019 00:00:00.000,1.14537,1.14589,1.14533,1.14547,6443.1499
04.02.2019 00:00:00.000,1.14545,1.14605,1.14246,1.14355,361437.4688
05.02.2019 00:00:00.000,1.14354,1.14407,1.14014,1.14093,342216.5313
06.02.2019 00:00:00.000,1.14092,1.14095,1.13611,1.13659,355331.5
07.02.2019 00:00:00.000,1.13660,1.13679,1.13248,1.13385,383508.625
08.02.2019 00:00:00.000,1.13384,1.13510,1.13212,1.13231,332054.5
10.02.2019 00:00:00.000,1.13217,1.13253,1.13154,1.13242,8049.7998
11.02.2019 00:00:00.000,1.13242,1.13302,1.12675,1.12789,382218.9688
12.02.2019 00:00:00.000,1.12789,1.13398,1.12579,1.13339,414939.5625
13.02.2019 00:00:00.000,1.13341,1.13417,1.12496,1.12649,391080.6875
14.02.2019 00:00:00.000,1.12648,1.13101,1.12499,1.12950,641862.125
15.02.2019 00:00:00.000,1.12949,1.13064,1.12343,1.12935,422715.2813
17.02.2019 00:00:00.000,1.12951,1.12963,1.12896,1.12953,8049.0298
18.02.2019 00:00:00.000,1.12952,1.13341,1.12940,1.13118,267488.3438
19.02.2019 00:00:00.000,1.13118,1.13576,1.12757,1.13401,407462.1875
20.02.2019 00:00:00.000,1.13401,1.13714,1.13251,1.13466,395413.1563
21.02.2019 00:00:00.000,1.13466,1.13666,1.13204,1.13401,455299.9063
22.02.2019 00:00:00.000,1.13401,1.13558,1.13163,1.13377,384834.3125
24.02.2019 00:00:00.000,1.13383,1.13424,1.13294,1.13424,10407.7402
25.02.2019 00:00:00.000,1.13424,1.13677,1.13369,1.13650,369187.1875
26.02.2019 00:00:00.000,1.13650,1.14029,1.13454,1.13933,408994.9375
27.02.2019 00:00:00.000,1.13933,1.14037,1.13626,1.13799,415591.2813
28.02.2019 00:00:00.000,1.13798,1.14198,1.13596,1.13734,444214.8125
01.03.2019 00:00:00.000,1.13733,1.14089,1.13534,1.13668,417953.2188
03.03.2019 00:00:00.000,1.13843,1.13853,1.13725,1.13753,10663.9697
04.03.2019 00:00:00.000,1.13753,1.13753,1.13092,1.13368,412861.625
05.03.2019 00:00:00.000,1.13368,1.13387,1.12898,1.13062,407167.5313
06.03.2019 00:00:00.000,1.13062,1.13247,1.12857,1.13134,327341.125
07.03.2019 00:00:00.000,1.13133,1.13205,1.11765,1.11985,387988.4063
08.03.2019 00:00:00.000,1.11984,1.12463,1.11854,1.12344,397713.5
10.03.2019 00:00:00.000,1.12365,1.12372,1.12314,1.12347,1581.63
11.03.2019 00:00:00.000,1.12319,1.12743,1.12219,1.12595,319369.2188
12.03.2019 00:00:00.000,1.12593,1.13051,1.12495,1.12869,321493.625
13.03.2019 00:00:00.000,1.12867,1.13388,1.12776,1.13305,305770.125
14.03.2019 00:00:00.000,1.13306,1.13363,1.12942,1.13068,324968.375
15.03.2019 00:00:00.000,1.13069,1.13446,1.13003,1.13265,265269
17.03.2019 00:00:00.000,1.13248,1.13283,1.13193,1.13196,6039.6899
18.03.2019 00:00:00.000,1.13196,1.13592,1.13195,1.13364,258634.5313
19.03.2019 00:00:00.000,1.13363,1.13618,1.13339,1.13546,270344.3438
20.03.2019 00:00:00.000,1.13546,1.14483,1.13357,1.14287,370012.1563
21.03.2019 00:00:00.000,1.14285,1.14377,1.13428,1.13741,367275.7188
22.03.2019 00:00:00.000,1.13742,1.13910,1.12734,1.13022,400026.0313
24.03.2019 00:00:00.000,1.12956,1.13020,1.12918,1.12960,8413.0703
25.03.2019 00:00:00.000,1.12960,1.13315,1.12891,1.13155,348480.0625
26.03.2019 00:00:00.000,1.13154,1.13261,1.12635,1.12743,347186.6875
27.03.2019 00:00:00.000,1.12743,1.12858,1.12423,1.12524,422494.3438
28.03.2019 00:00:00.000,1.12520,1.12615,1.12139,1.12302,438324.3125
29.03.2019 00:00:00.000,1.12301,1.12469,1.12100,1.12186,427038.2188
31.03.2019 00:00:00.000,1.12331,1.12332,1.12205,1.12236,10406.5498
01.04.2019 00:00:00.000,1.12235,1.12501,1.11993,1.12053,421214.125
02.04.2019 00:00:00.000,1.12053,1.12164,1.11840,1.12036,457797.875
03.04.2019 00:00:00.000,1.12036,1.12549,1.12022,1.12450,463772.9375
04.04.2019 00:00:00.000,1.12450,1.12479,1.12063,1.12227,383674.9688
05.04.2019 00:00:00.000,1.12226,1.12486,1.12102,1.12175,335538.875
07.04.2019 00:00:00.000,1.12214,1.12232,1.12151,1.12184,7805.23
08.04.2019 00:00:00.000,1.12185,1.12748,1.12150,1.12560,381319.125
09.04.2019 00:00:00.000,1.12559,1.12845,1.12557,1.12658,389519.0625
10.04.2019 00:00:00.000,1.12659,1.12899,1.12297,1.12762,427323.0938
11.04.2019 00:00:00.000,1.12762,1.12876,1.12501,1.12605,388221.4063
12.04.2019 00:00:00.000,1.12605,1.13241,1.12575,1.13006,395530.125
14.04.2019 00:00:00.000,1.13069,1.13075,1.13001,1.13031,10698.5596
15.04.2019 00:00:00.000,1.13031,1.13212,1.12978,1.13046,376676.1563
16.04.2019 00:00:00.000,1.13046,1.13142,1.12792,1.12848,470544.6875
17.04.2019 00:00:00.000,1.12847,1.13239,1.12816,1.12968,386708.7188
18.04.2019 00:00:00.000,1.12968,1.13042,1.12264,1.12353,413249.9375
19.04.2019 00:00:00.000,1.12352,1.12490,1.12327,1.12490,100974.1563
21.04.2019 00:00:00.000,1.12496,1.12496,1.12377,1.12444,7874.4502
22.04.2019 00:00:00.000,1.12445,1.12622,1.12359,1.12587,186643.8438
23.04.2019 00:00:00.000,1.12588,1.12614,1.11925,1.12239,371498.9063
24.04.2019 00:00:00.000,1.12242,1.12244,1.11407,1.11536,398680
25.04.2019 00:00:00.000,1.11537,1.11626,1.11180,1.11358,345682.75
26.04.2019 00:00:00.000,1.11357,1.11742,1.11116,1.11513,340943.375
28.04.2019 00:00:00.000,1.11497,1.11521,1.11473,1.11495,9092.6201
29.04.2019 00:00:00.000,1.11495,1.11872,1.11453,1.11852,284720.9063
30.04.2019 00:00:00.000,1.11849,1.12291,1.11759,1.12160,327957
01.05.2019 00:00:00.000,1.12159,1.12650,1.11873,1.12027,244906.2969
02.05.2019 00:00:00.000,1.12026,1.12193,1.11709,1.11732,311558.7813
03.05.2019 00:00:00.000,1.11732,1.12052,1.11352,1.12042,335631.0938
05.05.2019 00:00:00.000,1.11816,1.12005,1.11733,1.11851,18598.0391
06.05.2019 00:00:00.000,1.11851,1.12095,1.11792,1.12014,309077.6563
07.05.2019 00:00:00.000,1.12014,1.12180,1.11668,1.11899,348151.875
08.05.2019 00:00:00.000,1.11895,1.12140,1.11830,1.11982,367834.5625
09.05.2019 00:00:00.000,1.11981,1.12512,1.11737,1.12187,408576.625
10.05.2019 00:00:00.000,1.12187,1.12539,1.12180,1.12358,371275.3125
12.05.2019 00:00:00.000,1.12380,1.12437,1.12344,1.12361,11490.4805
13.05.2019 00:00:00.000,1.12361,1.12637,1.12201,1.12324,328744.0938
14.05.2019 00:00:00.000,1.12323,1.12441,1.12015,1.12035,315595.0625
15.05.2019 00:00:00.000,1.12035,1.12248,1.11781,1.12073,327988.625
16.05.2019 00:00:00.000,1.12071,1.12242,1.11664,1.11734,335817.625
17.05.2019 00:00:00.000,1.11734,1.11843,1.11554,1.11582,342704.0313
19.05.2019 00:00:00.000,1.11610,1.11686,1.11604,1.11650,9898.5898
20.05.2019 00:00:00.000,1.11650,1.11750,1.11509,1.11674,306414.875
21.05.2019 00:00:00.000,1.11675,1.11882,1.11422,1.11646,330853.25
22.05.2019 00:00:00.000,1.11645,1.11803,1.11488,1.11556,296009.4375
23.05.2019 00:00:00.000,1.11555,1.11877,1.11072,1.11845,365538.25
24.05.2019 00:00:00.000,1.11845,1.12123,1.11774,1.12065,304749.9688
26.05.2019 00:00:00.000,1.12103,1.12130,1.12070,1.12070,8638.6201
27.05.2019 00:00:00.000,1.12070,1.12154,1.11871,1.11936,192961
28.05.2019 00:00:00.000,1.11937,1.11986,1.11596,1.11684,307850.6563
29.05.2019 00:00:00.000,1.11684,1.11727,1.11245,1.11369,359780.25
30.05.2019 00:00:00.000,1.11370,1.11435,1.11162,1.11298,295709.2188
31.05.2019 00:00:00.000,1.11297,1.11800,1.11253,1.11697,387891.375
02.06.2019 00:00:00.000,1.11683,1.11744,1.11631,1.11740,11542.46
03.06.2019 00:00:00.000,1.11739,1.12621,1.11603,1.12460,432063.8125
04.06.2019 00:00:00.000,1.12460,1.12776,1.12269,1.12539,414436.4688
05.06.2019 00:00:00.000,1.12540,1.13067,1.12201,1.12289,403305.9375
06.06.2019 00:00:00.000,1.12288,1.13092,1.12015,1.12759,373368.5313
07.06.2019 00:00:00.000,1.12759,1.13479,1.12515,1.13341,352648.1875
09.06.2019 00:00:00.000,1.13253,1.13310,1.13145,1.13194,10180.2305
10.06.2019 00:00:00.000,1.13195,1.13248,1.12904,1.13182,308311.9063
11.06.2019 00:00:00.000,1.13183,1.13377,1.13015,1.13298,356743.5938
12.06.2019 00:00:00.000,1.13298,1.13437,1.12826,1.12928,362641.4063
13.06.2019 00:00:00.000,1.12927,1.13040,1.12687,1.12797,405013.7813
14.06.2019 00:00:00.000,1.12796,1.12893,1.12027,1.12126,352139.125
16.06.2019 00:00:00.000,1.12122,1.12175,1.12110,1.12158,10431.6104
17.06.2019 00:00:00.000,1.12158,1.12473,1.12039,1.12244,240082.8125
18.06.2019 00:00:00.000,1.12246,1.12430,1.11815,1.11981,353435.5
19.06.2019 00:00:00.000,1.11982,1.12545,1.11874,1.12360,317455.2188
20.06.2019 00:00:00.000,1.12360,1.13175,1.12354,1.12946,409623.9688
21.06.2019 00:00:00.000,1.12946,1.13781,1.12833,1.13695,391175.75
23.06.2019 00:00:00.000,1.13739,1.13855,1.13682,1.13854,12450.7197
24.06.2019 00:00:00.000,1.13854,1.14042,1.13727,1.13997,293767.6875
25.06.2019 00:00:00.000,1.13997,1.14122,1.13444,1.13684,392840.9063
26.06.2019 00:00:00.000,1.13684,1.13915,1.13477,1.13739,339644.3438
27.06.2019 00:00:00.000,1.13738,1.13817,1.13480,1.13714,309744.2813
28.06.2019 00:00:00.000,1.13715,1.13934,1.13508,1.13760,277538.5938
30.06.2019 00:00:00.000,1.13598,1.13713,1.13598,1.13602,12829.8701
01.07.2019 00:00:00.000,1.13603,1.13641,1.12805,1.12871,308335.3438
02.07.2019 00:00:00.000,1.12872,1.13216,1.12754,1.12907,262654.3125
03.07.2019 00:00:00.000,1.12909,1.13125,1.12688,1.12875,259799.7031
04.07.2019 00:00:00.000,1.12875,1.12954,1.12733,1.12856,133841.3281
05.07.2019 00:00:00.000,1.12856,1.12863,1.12075,1.12274,254366.9531
07.07.2019 00:00:00.000,1.12296,1.12298,1.12250,1.12269,7121.8101
08.07.2019 00:00:00.000,1.12270,1.12346,1.12071,1.12154,213530.9063
09.07.2019 00:00:00.000,1.12153,1.12190,1.11935,1.12047,217017.9375
10.07.2019 00:00:00.000,1.12045,1.12645,1.12021,1.12585,287323.75
11.07.2019 00:00:00.000,1.12588,1.12860,1.12454,1.12499,280311.4375
12.07.2019 00:00:00.000,1.12501,1.12751,1.12384,1.12708,247542.3906
14.07.2019 00:00:00.000,1.12733,1.12748,1.12659,1.12713,6653.5698
15.07.2019 00:00:00.000,1.12714,1.12841,1.12536,1.12600,213307.6094
16.07.2019 00:00:00.000,1.12600,1.12637,1.12021,1.12120,260083.6719
17.07.2019 00:00:00.000,1.12120,1.12338,1.12000,1.12275,218965.3906
18.07.2019 00:00:00.000,1.12276,1.12822,1.12052,1.12613,317217.5
19.07.2019 00:00:00.000,1.12611,1.12686,1.12037,1.12226,272755.8438
21.07.2019 00:00:00.000,1.12176,1.12200,1.12145,1.12179,8373.2598
22.07.2019 00:00:00.000,1.12179,1.12254,1.12040,1.12046,225836.9375
23.07.2019 00:00:00.000,1.12046,1.12083,1.11460,1.11511,263101.25
24.07.2019 00:00:00.000,1.11511,1.11560,1.11274,1.11422,264406.4063
25.07.2019 00:00:00.000,1.11422,1.11880,1.11016,1.11450,348917.5
26.07.2019 00:00:00.000,1.11450,1.11512,1.11122,1.11308,254319.5938
28.07.2019 00:00:00.000,1.11265,1.11328,1.11250,1.11297,6113.29
29.07.2019 00:00:00.000,1.11297,1.11512,1.11130,1.11425,223986.125
30.07.2019 00:00:00.000,1.11425,1.11612,1.11322,1.11571,299458.125
31.07.2019 00:00:00.000,1.11571,1.11623,1.10604,1.10718,345848.0313
01.08.2019 00:00:00.000,1.10718,1.10960,1.10271,1.10793,462832.25
02.08.2019 00:00:00.000,1.10791,1.11166,1.10701,1.11083,454703.6875
04.08.2019 00:00:00.000,1.11084,1.11141,1.11048,1.11080,11398.7695
05.08.2019 00:00:00.000,1.11081,1.12454,1.11068,1.12422,476579.375
06.08.2019 00:00:00.000,1.12421,1.12498,1.11677,1.12056,434857.4063
07.08.2019 00:00:00.000,1.12055,1.12421,1.11795,1.12043,453211.375
08.08.2019 00:00:00.000,1.12042,1.12327,1.11773,1.11865,336385.6875
09.08.2019 00:00:00.000,1.11864,1.12232,1.11835,1.12032,282580.3438
11.08.2019 00:00:00.000,1.12002,1.12084,1.11990,1.12076,6330.1401
12.08.2019 00:00:00.000,1.12076,1.12308,1.11622,1.12164,328061.875
13.08.2019 00:00:00.000,1.12165,1.12287,1.11703,1.11767,582299
14.08.2019 00:00:00.000,1.11767,1.11910,1.11308,1.11433,348017.0938
15.08.2019 00:00:00.000,1.11433,1.11586,1.10916,1.11108,347129.1875
16.08.2019 00:00:00.000,1.11109,1.11117,1.10665,1.10911,242321.3438
18.08.2019 00:00:00.000,1.10946,1.11017,1.10900,1.10924,6905.4902
19.08.2019 00:00:00.000,1.10922,1.11141,1.10763,1.10819,202657.9531
20.08.2019 00:00:00.000,1.10821,1.11069,1.10658,1.10976,210011.2656
21.08.2019 00:00:00.000,1.10976,1.11074,1.10809,1.10906,163403.4688
22.08.2019 00:00:00.000,1.10906,1.11133,1.10638,1.10840,203994.3594
23.08.2019 00:00:00.000,1.10840,1.11535,1.10519,1.11450,239483.5156
25.08.2019 00:00:00.000,1.11541,1.11646,1.11426,1.11436,15733.9297
26.08.2019 00:00:00.000,1.11435,1.11532,1.10944,1.11018,275333.9375
27.08.2019 00:00:00.000,1.11016,1.11162,1.10859,1.10898,212908.7969
28.08.2019 00:00:00.000,1.10899,1.10983,1.10734,1.10857,216699.1406
29.08.2019 00:00:00.000,1.10859,1.10933,1.10422,1.10594,224535.8125
30.08.2019 00:00:00.000,1.10594,1.10602,1.09635,1.09936,169814.2031
01.09.2019 00:00:00.000,1.09897,1.09969,1.09844,1.09908,3249.71
02.09.2019 00:00:00.000,1.09908,1.09936,1.09581,1.09645,45606.0391
03.09.2019 00:00:00.000,1.09646,1.09790,1.09262,1.09729,135988.4063
04.09.2019 00:00:00.000,1.09727,1.10386,1.09718,1.10351,161576.375
05.09.2019 00:00:00.000,1.10351,1.10850,1.10169,1.10343,169420.9063
06.09.2019 00:00:00.000,1.10342,1.10574,1.10205,1.10324,151164.5469
08.09.2019 00:00:00.000,1.10279,1.10287,1.10199,1.10207,4002.6399
09.09.2019 00:00:00.000,1.10206,1.10683,1.10157,1.10472,133857.1719
10.09.2019 00:00:00.000,1.10474,1.10597,1.10307,1.10503,126173.5625
11.09.2019 00:00:00.000,1.10503,1.10559,1.09855,1.10138,126395.6563
12.09.2019 00:00:00.000,1.10137,1.10873,1.09269,1.10565,192528.7344
13.09.2019 00:00:00.000,1.10565,1.11097,1.10565,1.10770,159544.5313
15.09.2019 00:00:00.000,1.10752,1.10865,1.10706,1.10835,6187.7998
16.09.2019 00:00:00.000,1.10834,1.10847,1.09936,1.10035,145822.4375
17.09.2019 00:00:00.000,1.10034,1.10759,1.09904,1.10741,161108.5938
18.09.2019 00:00:00.000,1.10742,1.10750,1.10140,1.10295,152989.7656
19.09.2019 00:00:00.000,1.10295,1.10738,1.10231,1.10450,193029.5313
20.09.2019 00:00:00.000,1.10447,1.10678,1.09965,1.10212,184300.7188
22.09.2019 00:00:00.000,1.10181,1.10201,1.10134,1.10189,4010.3154
23.09.2019 00:00:00.000,1.10189,1.10256,1.09664,1.09944,177783.1563
24.09.2019 00:00:00.000,1.09940,1.10244,1.09839,1.10138,182626.4375
25.09.2019 00:00:00.000,1.10138,1.10172,1.09376,1.09516,196370.0469
26.09.2019 00:00:00.000,1.09516,1.09675,1.09089,1.09226,188501.6563
27.09.2019 00:00:00.000,1.09226,1.09590,1.09049,1.09439,168250.0156
29.09.2019 00:00:00.000,1.09441,1.09465,1.09397,1.09426,4038.0601
30.09.2019 00:00:00.000,1.09425,1.09481,1.08850,1.08996,167787.1094
01.10.2019 00:00:00.000,1.08996,1.09430,1.08793,1.09343,211105.8281
02.10.2019 00:00:00.000,1.09343,1.09638,1.09044,1.09608,200281.9688
03.10.2019 00:00:00.000,1.09608,1.09994,1.09411,1.09748,218474.8438
04.10.2019 00:00:00.000,1.09747,1.09995,1.09572,1.09815,181144.4063
06.10.2019 00:00:00.000,1.09849,1.09849,1.09754,1.09837,4578.8501
07.10.2019 00:00:00.000,1.09837,1.10008,1.09622,1.09718,165687.6094
08.10.2019 00:00:00.000,1.09719,1.09959,1.09413,1.09601,208462.5625
09.10.2019 00:00:00.000,1.09601,1.09902,1.09550,1.09844,191600.2813
10.10.2019 00:00:00.000,1.09844,1.10341,1.09799,1.10110,224421.8125
11.10.2019 00:00:00.000,1.10109,1.10630,1.10009,1.10400,239795.0625
13.10.2019 00:00:00.000,1.10399,1.10399,1.10254,1.10284,5736.915
14.10.2019 00:00:00.000,1.10284,1.10428,1.10129,1.10262,151431.3281
15.10.2019 00:00:00.000,1.10262,1.10463,1.09915,1.10346,223152.5156
16.10.2019 00:00:00.000,1.10345,1.10857,1.10226,1.10740,223064.8906
17.10.2019 00:00:00.000,1.10741,1.11400,1.10653,1.11249,222927.9531
18.10.2019 00:00:00.000,1.11249,1.11727,1.11149,1.11723,138306.7188
20.10.2019 00:00:00.000,1.11628,1.11644,1.11506,1.11562,7465.0986
21.10.2019 00:00:00.000,1.11562,1.11795,1.11388,1.11519,120696.2813
22.10.2019 00:00:00.000,1.11519,1.11570,1.11178,1.11291,128928.7969
23.10.2019 00:00:00.000,1.11291,1.11406,1.11062,1.11324,119291.9766
24.10.2019 00:00:00.000,1.11323,1.11630,1.10932,1.11038,175274.5781
25.10.2019 00:00:00.000,1.11038,1.11231,1.10731,1.10813,101462.8281
27.10.2019 00:00:00.000,1.10819,1.10842,1.10782,1.10842,2185.02
28.10.2019 00:00:00.000,1.10841,1.11068,1.10763,1.10984,105907.4453
29.10.2019 00:00:00.000,1.10983,1.11187,1.10737,1.11124,121052.8359
30.10.2019 00:00:00.000,1.11124,1.11556,1.10802,1.11524,138375.9063
31.10.2019 00:00:00.000,1.11525,1.11758,1.11315,1.11563,141794.4219
01.11.2019 00:00:00.000,1.11563,1.11720,1.11284,1.11675,123147.0234
03.11.2019 00:00:00.000,1.11705,1.11713,1.11644,1.11664,1545.2139
04.11.2019 00:00:00.000,1.11662,1.11756,1.11221,1.11283,119559.9688
05.11.2019 00:00:00.000,1.11282,1.11402,1.10637,1.10743,150360.9688
06.11.2019 00:00:00.000,1.10742,1.10929,1.10652,1.10704,124951.5469
07.11.2019 00:00:00.000,1.10703,1.10918,1.10361,1.10525,160184.7656
08.11.2019 00:00:00.000,1.10527,1.10556,1.10168,1.10213,112367.6875
10.11.2019 00:00:00.000,1.10251,1.10251,1.10198,1.10221,1112.5699
11.11.2019 00:00:00.000,1.10220,1.10431,1.10165,1.10350,88618.3438
12.11.2019 00:00:00.000,1.10349,1.10387,1.10026,1.10122,120422.7813
13.11.2019 00:00:00.000,1.10123,1.10205,1.09955,1.10098,118150.3984
14.11.2019 00:00:00.000,1.10099,1.10277,1.09893,1.10200,118918.1328
15.11.2019 00:00:00.000,1.10200,1.10571,1.10147,1.10541,111245.0234
17.11.2019 00:00:00.000,1.10529,1.10549,1.10506,1.10542,3878.8799
18.11.2019 00:00:00.000,1.10541,1.10900,1.10536,1.10724,115104.9922
19.11.2019 00:00:00.000,1.10726,1.10841,1.10627,1.10782,105853.1172
20.11.2019 00:00:00.000,1.10783,1.10815,1.10531,1.10781,126812.0859
21.11.2019 00:00:00.000,1.10782,1.10971,1.10524,1.10659,130104.0938
22.11.2019 00:00:00.000,1.10659,1.10877,1.10146,1.10245,153857.125
24.11.2019 00:00:00.000,1.10185,1.10228,1.10172,1.10228,2277.73
25.11.2019 00:00:00.000,1.10229,1.10322,1.10037,1.10107,108178.3906
26.11.2019 00:00:00.000,1.10109,1.10258,1.10072,1.10222,111974.9609
27.11.2019 00:00:00.000,1.10224,1.10224,1.09924,1.10052,110442.4063
28.11.2019 00:00:00.000,1.10051,1.10181,1.10006,1.10115,65950.7891
29.11.2019 00:00:00.000,1.10116,1.10285,1.09813,1.10213,102703.1641
01.12.2019 00:00:00.000,1.10247,1.10275,1.10171,1.10185,2670.1899
02.12.2019 00:00:00.000,1.10183,1.10909,1.10031,1.10763,131644.0625
03.12.2019 00:00:00.000,1.10763,1.10937,1.10662,1.10820,131796.4688
04.12.2019 00:00:00.000,1.10820,1.11162,1.10668,1.10829,139895.25
05.12.2019 00:00:00.000,1.10826,1.11082,1.10794,1.11042,125796.4688
06.12.2019 00:00:00.000,1.11042,1.11099,1.10399,1.10630,120013.4609
08.12.2019 00:00:00.000,1.10599,1.10608,1.10568,1.10585,1909.39
09.12.2019 00:00:00.000,1.10585,1.10780,1.10534,1.10645,103873.3672
10.12.2019 00:00:00.000,1.10645,1.10979,1.10631,1.10926,133276.9219
11.12.2019 00:00:00.000,1.10925,1.11450,1.10703,1.11329,151971.0938
12.12.2019 00:00:00.000,1.11329,1.11999,1.11031,1.11835,200035.8281
13.12.2019 00:00:00.000,1.11836,1.11862,1.11122,1.11236,207694.3906
15.12.2019 00:00:00.000,1.11302,1.11314,1.11229,1.11244,4502.8301
16.12.2019 00:00:00.000,1.11243,1.11597,1.11232,1.11357,141406.2031
17.12.2019 00:00:00.000,1.11358,1.11747,1.11295,1.11516,151121.5
18.12.2019 00:00:00.000,1.11515,1.11515,1.11106,1.11157,137938.4844
19.12.2019 00:00:00.000,1.11156,1.11444,1.11073,1.11235,154624.9688
20.12.2019 00:00:00.000,1.11234,1.11239,1.10664,1.10812,124402.0234
22.12.2019 00:00:00.000,1.10834,1.10836,1.10771,1.10806,2391.74
23.12.2019 00:00:00.000,1.10804,1.10961,1.10701,1.10920,107400.7891
24.12.2019 00:00:00.000,1.10922,1.10941,1.10693,1.10892,74916.4453
25.12.2019 00:00:00.000,1.10895,1.10956,1.10750,1.10947,4954.8101
26.12.2019 00:00:00.000,1.10948,1.11092,1.10825,1.11014,48974.9141
27.12.2019 00:00:00.000,1.11015,1.11885,1.10989,1.11781,127881.3203
29.12.2019 00:00:00.000,1.11820,1.11842,1.11736,1.11815,2824.2981
30.12.2019 00:00:00.000,1.11815,1.12209,1.11807,1.12016,123050.9141
31.12.2019 00:00:00.000,1.12014,1.12393,1.11989,1.12154,104096.0234
01.01.2020 00:00:00.000,1.12172,1.12228,1.12124,1.12191,2467.0437
02.01.2020 00:00:00.000,1.12192,1.12247,1.11638,1.11711,282438.75
03.01.2020 00:00:00.000,1.11711,1.11800,1.11251,1.11626,222676.6875
05.01.2020 00:00:00.000,1.11687,1.11703,1.11596,1.11608,4151.23
06.01.2020 00:00:00.000,1.11605,1.12058,1.11574,1.11956,136739.5
07.01.2020 00:00:00.000,1.11956,1.11972,1.11337,1.11543,148828.1875
08.01.2020 00:00:00.000,1.11541,1.11685,1.11018,1.11132,194782.2344
09.01.2020 00:00:00.000,1.11132,1.11206,1.10925,1.11095,140911.9219
10.01.2020 00:00:00.000,1.11095,1.11293,1.10852,1.11256,167304.7813
12.01.2020 00:00:00.000,1.11183,1.11219,1.11137,1.11165,2028.79
13.01.2020 00:00:00.000,1.11163,1.11470,1.11127,1.11346,117054.5234
14.01.2020 00:00:00.000,1.11347,1.11447,1.11046,1.11278,139189.9531
15.01.2020 00:00:00.000,1.11278,1.11635,1.11186,1.11526,143030.0781
16.01.2020 00:00:00.000,1.11527,1.11728,1.11281,1.11373,141964.1094
17.01.2020 00:00:00.000,1.11372,1.11427,1.10863,1.10920,126249.5859
19.01.2020 00:00:00.000,1.10940,1.10951,1.10891,1.10948,3716.6719
20.01.2020 00:00:00.000,1.10947,1.11024,1.10769,1.10965,83786.0156
21.01.2020 00:00:00.000,1.10965,1.11181,1.10811,1.10853,125232.5859
22.01.2020 00:00:00.000,1.10854,1.10985,1.10702,1.10959,129104.5781
23.01.2020 00:00:00.000,1.10959,1.11089,1.10365,1.10556,165082.3906
24.01.2020 00:00:00.000,1.10557,1.10618,1.10197,1.10280,119120.7344
26.01.2020 00:00:00.000,1.10355,1.10355,1.10248,1.10249,12802.5703
27.01.2020 00:00:00.000,1.10248,1.10378,1.10098,1.10197,128362.6719
28.01.2020 00:00:00.000,1.10196,1.10253,1.09980,1.10224,118449.2969
29.01.2020 00:00:00.000,1.10223,1.10278,1.09924,1.10140,122457.9531
30.01.2020 00:00:00.000,1.10141,1.10395,1.10070,1.10289,138093.3906
31.01.2020 00:00:00.000,1.10288,1.10961,1.10170,1.10952,143942.8906
02.02.2020 00:00:00.000,1.10957,1.10957,1.10822,1.10894,4357.3701
03.02.2020 00:00:00.000,1.10893,1.10893,1.10361,1.10626,135208.5469
04.02.2020 00:00:00.000,1.10627,1.10643,1.10330,1.10449,116787.1094
05.02.2020 00:00:00.000,1.10450,1.10481,1.09939,1.10006,126061.1563
06.02.2020 00:00:00.000,1.10007,1.10142,1.09646,1.09810,94974.7188
07.02.2020 00:00:00.000,1.09811,1.09852,1.09422,1.09476,123290.5
09.02.2020 00:00:00.000,1.09479,1.09509,1.09431,1.09495,3482.0349
10.02.2020 00:00:00.000,1.09494,1.09578,1.09079,1.09104,102499.8516
11.02.2020 00:00:00.000,1.09104,1.09257,1.08914,1.09194,95181.8828
12.02.2020 00:00:00.000,1.09194,1.09258,1.08655,1.08758,368395.9688
13.02.2020 00:00:00.000,1.08758,1.08890,1.08342,1.08416,569481.6875
14.02.2020 00:00:00.000,1.08417,1.08614,1.08275,1.08331,603773.25
16.02.2020 00:00:00.000,1.08428,1.08428,1.08364,1.08415,3202.51
17.02.2020 00:00:00.000,1.08414,1.08511,1.08293,1.08370,138219.1406
18.02.2020 00:00:00.000,1.08370,1.08374,1.07856,1.07951,170075.0625
19.02.2020 00:00:00.000,1.07950,1.08119,1.07824,1.08100,106986.3516
20.02.2020 00:00:00.000,1.08100,1.08214,1.07782,1.07879,135583.4844
21.02.2020 00:00:00.000,1.07880,1.08637,1.07874,1.08482,140353.7344
23.02.2020 00:00:00.000,1.08163,1.08422,1.08146,1.08389,7573.7495
24.02.2020 00:00:00.000,1.08389,1.08722,1.08054,1.08488,170836.9219
25.02.2020 00:00:00.000,1.08487,1.08905,1.08302,1.08800,176576.3125
26.02.2020 00:00:00.000,1.08798,1.09091,1.08551,1.08867,190425.4063
27.02.2020 00:00:00.000,1.08867,1.10066,1.08851,1.09967,217564.6719
28.02.2020 00:00:00.000,1.09967,1.10532,1.09512,1.10289,243630.2031
01.03.2020 00:00:00.000,1.10482,1.10741,1.10403,1.10520,7264.0601
02.03.2020 00:00:00.000,1.10520,1.11848,1.10365,1.11447,243510.9688
03.03.2020 00:00:00.000,1.11446,1.12141,1.10956,1.11767,220115
04.03.2020 00:00:00.000,1.11768,1.11877,1.10958,1.11386,168082.4531
05.03.2020 00:00:00.000,1.11386,1.12450,1.11198,1.12228,432839.625
06.03.2020 00:00:00.000,1.12229,1.13549,1.12115,1.12867,234785.5625
08.03.2020 00:00:00.000,1.13538,1.13967,1.13361,1.13881,18681.1621
09.03.2020 00:00:00.000,1.13880,1.14961,1.13564,1.13997,290451.1563
10.03.2020 00:00:00.000,1.13996,1.14260,1.12752,1.13143,250438.9844
11.03.2020 00:00:00.000,1.13144,1.13669,1.12510,1.12617,191937.2344
12.03.2020 00:00:00.000,1.12617,1.13338,1.10551,1.11831,257404.4844
13.03.2020 00:00:00.000,1.11831,1.12218,1.10553,1.11004,239999.2344
15.03.2020 00:00:00.000,1.10779,1.12005,1.10779,1.11586,49214.2852
16.03.2020 00:00:00.000,1.11585,1.12368,1.10853,1.11641,276842.5625
17.03.2020 00:00:00.000,1.11640,1.11896,1.09553,1.10170,268465.8438
18.03.2020 00:00:00.000,1.10171,1.10452,1.08022,1.09444,287825.2188
19.03.2020 00:00:00.000,1.09451,1.09501,1.06551,1.06552,293148.0313
20.03.2020 00:00:00.000,1.06552,1.08314,1.06377,1.07018,410066.6875
22.03.2020 00:00:00.000,1.07144,1.07162,1.06364,1.06896,29465.7383
23.03.2020 00:00:00.000,1.06896,1.08284,1.06588,1.07641,416087.125
24.03.2020 00:00:00.000,1.07636,1.08883,1.07462,1.07987,342807.9375
25.03.2020 00:00:00.000,1.07987,1.08940,1.07607,1.08889,279906.7813
26.03.2020 00:00:00.000,1.08889,1.10591,1.08750,1.10482,277547.5625
27.03.2020 00:00:00.000,1.10483,1.11479,1.09536,1.11457,246771.25
29.03.2020 00:00:00.000,1.11249,1.11443,1.11058,1.11371,7509.2515
30.03.2020 00:00:00.000,1.11369,1.11388,1.10103,1.10297,188934.125
31.03.2020 00:00:00.000,1.10297,1.10433,1.09269,1.10265,294896.2188
01.04.2020 00:00:00.000,1.10266,1.10366,1.09029,1.09517,259440.1875
02.04.2020 00:00:00.000,1.09517,1.09648,1.08208,1.08464,275472.1563
03.04.2020 00:00:00.000,1.08464,1.08557,1.07729,1.07996,252310.9688
05.04.2020 00:00:00.000,1.08168,1.08228,1.08046,1.08060,21899.2656
06.04.2020 00:00:00.000,1.08058,1.08357,1.07686,1.07993,256696.6563
07.04.2020 00:00:00.000,1.07994,1.09268,1.07907,1.08937,261540.5781
08.04.2020 00:00:00.000,1.08937,1.08972,1.08302,1.08602,222656.0938
09.04.2020 00:00:00.000,1.08602,1.09518,1.08411,1.09232,267797.3125
10.04.2020 00:00:00.000,1.09232,1.09532,1.09206,1.09419,114432.4766
12.04.2020 00:00:00.000,1.09499,1.09499,1.09307,1.09319,9061.7314
13.04.2020 00:00:00.000,1.09319,1.09681,1.08929,1.09200,173633.8438
14.04.2020 00:00:00.000,1.09198,1.09920,1.09151,1.09835,234252.6719
15.04.2020 00:00:00.000,1.09834,1.09875,1.08567,1.09040,238102.9844
16.04.2020 00:00:00.000,1.09040,1.09076,1.08169,1.08590,269271.875
17.04.2020 00:00:00.000,1.08591,1.08929,1.08123,1.08786,231881.8281
19.04.2020 00:00:00.000,1.08751,1.08808,1.08639,1.08640,9819.4492
20.04.2020 00:00:00.000,1.08641,1.08969,1.08414,1.08641,211875.6094
21.04.2020 00:00:00.000,1.08641,1.08805,1.08168,1.08566,252783.8906
22.04.2020 00:00:00.000,1.08567,1.08853,1.08034,1.08065,200624.5469
23.04.2020 00:00:00.000,1.08066,1.08470,1.07562,1.07748,273635.3125
24.04.2020 00:00:00.000,1.07747,1.08301,1.07273,1.08245,225307.2969
26.04.2020 00:00:00.000,1.08242,1.08246,1.08149,1.08212,5298.8203
27.04.2020 00:00:00.000,1.08212,1.08604,1.08116,1.08248,203953.7656
28.04.2020 00:00:00.000,1.08246,1.08886,1.08099,1.08328,209721.9531
29.04.2020 00:00:00.000,1.08326,1.08858,1.08311,1.08776,218608.8125
30.04.2020 00:00:00.000,1.08775,1.09727,1.08332,1.09452,289863.8438
01.05.2020 00:00:00.000,1.09451,1.10190,1.09348,1.09829,186589.4219
03.05.2020 00:00:00.000,1.09755,1.09759,1.09532,1.09612,11685.5801
04.05.2020 00:00:00.000,1.09611,1.09611,1.08959,1.09036,200254.4844
05.05.2020 00:00:00.000,1.09036,1.09262,1.08262,1.08388,225665.8125
06.05.2020 00:00:00.000,1.08388,1.08442,1.07821,1.07983,224365.2188
07.05.2020 00:00:00.000,1.07984,1.08412,1.07667,1.08366,224384.5625
08.05.2020 00:00:00.000,1.08362,1.08758,1.08153,1.08419,165817.5469
10.05.2020 00:00:00.000,1.08287,1.08410,1.08254,1.08382,7867.2202
11.05.2020 00:00:00.000,1.08381,1.08507,1.08010,1.08096,207997.7656
12.05.2020 00:00:00.000,1.08095,1.08853,1.07846,1.08459,153324.6094
13.05.2020 00:00:00.000,1.08459,1.08967,1.08118,1.08214,153761.2969
14.05.2020 00:00:00.000,1.08213,1.08242,1.07751,1.08064,117488.7031
15.05.2020 00:00:00.000,1.08064,1.08510,1.07892,1.08198,130958.7422
17.05.2020 00:00:00.000,1.08155,1.08236,1.08116,1.08189,6476.1626
18.05.2020 00:00:00.000,1.08188,1.09272,1.08001,1.09143,199194.0313
19.05.2020 00:00:00.000,1.09140,1.09763,1.09024,1.09263,236662.7813
20.05.2020 00:00:00.000,1.09264,1.09992,1.09264,1.09799,212932.9844
21.05.2020 00:00:00.000,1.09797,1.10086,1.09374,1.09494,214879.375
22.05.2020 00:00:00.000,1.09494,1.09539,1.08855,1.09063,184402.8438
24.05.2020 00:00:00.000,1.08973,1.09086,1.08963,1.09083,4555.3823
25.05.2020 00:00:00.000,1.09083,1.09147,1.08707,1.09019,117597.0469
26.05.2020 00:00:00.000,1.09019,1.09960,1.08970,1.09787,221915.4375
27.05.2020 00:00:00.000,1.09788,1.10311,1.09342,1.10169,339215.875
28.05.2020 00:00:00.000,1.10168,1.10937,1.09919,1.10782,290715.4688
29.05.2020 00:00:00.000,1.10780,1.11452,1.10702,1.11071,330692.4063
31.05.2020 00:00:00.000,1.11213,1.11217,1.11028,1.11158,10126.417
01.06.2020 00:00:00.000,1.11158,1.11541,1.11007,1.11255,267258.75
02.06.2020 00:00:00.000,1.11255,1.11962,1.11153,1.11855,309623.0313
03.06.2020 00:00:00.000,1.11855,1.12580,1.11800,1.12354,253036.8906
04.06.2020 00:00:00.000,1.12354,1.13625,1.11948,1.13358,284840.9688
05.06.2020 00:00:00.000,1.13359,1.13840,1.12787,1.12920,269538.4375
07.06.2020 00:00:00.000,1.12961,1.13200,1.12939,1.13163,7698.3154
08.06.2020 00:00:00.000,1.13161,1.13189,1.12684,1.13044,203479.2813
09.06.2020 00:00:00.000,1.13043,1.13640,1.12411,1.13324,234215.5938
10.06.2020 00:00:00.000,1.13322,1.14227,1.13221,1.13671,257653.6875
11.06.2020 00:00:00.000,1.13672,1.14040,1.12874,1.12883,323180.8438
12.06.2020 00:00:00.000,1.12883,1.13407,1.12127,1.12564,300773.25
14.06.2020 00:00:00.000,1.12353,1.12585,1.12270,1.12520,12909.4561
15.06.2020 00:00:00.000,1.12521,1.13383,1.12271,1.13379,290129.9063
16.06.2020 00:00:00.000,1.13379,1.13536,1.12281,1.12653,270857.375
17.06.2020 00:00:00.000,1.12653,1.12942,1.12071,1.12422,250705.9844
18.06.2020 00:00:00.000,1.12421,1.12616,1.11858,1.12081,234315.1406
19.06.2020 00:00:00.000,1.12081,1.12547,1.11683,1.11788,206725.6094
21.06.2020 00:00:00.000,1.11900,1.11900,1.11687,1.11769,6650.2788
22.06.2020 00:00:00.000,1.11770,1.12813,1.11742,1.12779,184088.6563
23.06.2020 00:00:00.000,1.12779,1.13487,1.12333,1.13127,233449.7344
24.06.2020 00:00:00.000,1.13128,1.13261,1.12485,1.12503,233666.5781
25.06.2020 00:00:00.000,1.12503,1.12599,1.11906,1.12182,227689.0469
26.06.2020 00:00:00.000,1.12183,1.12395,1.11954,1.12204,162740.375
28.06.2020 00:00:00.000,1.12221,1.12318,1.12175,1.12222,4317.7949
29.06.2020 00:00:00.000,1.12223,1.12881,1.12197,1.12469,174544.5625
30.06.2020 00:00:00.000,1.12469,1.12621,1.11912,1.12338,207597.7813
01.07.2020 00:00:00.000,1.12338,1.12753,1.11850,1.12515,195263.3125
02.07.2020 00:00:00.000,1.12514,1.13030,1.12236,1.12376,179968.75
03.07.2020 00:00:00.000,1.12377,1.12533,1.12195,1.12510,148730.4375
05.07.2020 00:00:00.000,1.12459,1.12498,1.12435,1.12471,2700.3799
06.07.2020 00:00:00.000,1.12471,1.13457,1.12471,1.13128,166447.6094
07.07.2020 00:00:00.000,1.13127,1.13328,1.12589,1.12747,182238.4531
08.07.2020 00:00:00.000,1.12747,1.13519,1.12626,1.13376,183068.75
09.07.2020 00:00:00.000,1.13375,1.13709,1.12805,1.12883,256830.3594
10.07.2020 00:00:00.000,1.12883,1.13250,1.12550,1.13003,213508.2344
12.07.2020 00:00:00.000,1.13064,1.13177,1.13043,1.13090,6265.2725
13.07.2020 00:00:00.000,1.13090,1.13751,1.13011,1.13452,288817.7813
14.07.2020 00:00:00.000,1.13451,1.14126,1.13253,1.14105,382645.5
15.07.2020 00:00:00.000,1.14105,1.14522,1.13912,1.14173,267084.375
16.07.2020 00:00:00.000,1.14171,1.14419,1.13707,1.13882,349405.3438
17.07.2020 00:00:00.000,1.13882,1.14439,1.13778,1.14285,176293.1406
19.07.2020 00:00:00.000,1.14166,1.14460,1.14166,1.14425,7222.4814
20.07.2020 00:00:00.000,1.14425,1.14680,1.14027,1.14560,275012.2813
21.07.2020 00:00:00.000,1.14560,1.15425,1.14232,1.15353,357971.1563
22.07.2020 00:00:00.000,1.15354,1.16015,1.15070,1.15650,414581.875
23.07.2020 00:00:00.000,1.15650,1.16270,1.15405,1.15955,404258.0313
24.07.2020 00:00:00.000,1.15956,1.16583,1.15815,1.16565,336629.375
26.07.2020 00:00:00.000,1.16466,1.16559,1.16424,1.16499,13434.9248
27.07.2020 00:00:00.000,1.16499,1.17816,1.16498,1.17684,331726.1563
28.07.2020 00:00:00.000,1.17684,1.17739,1.16990,1.17190,398499.375
29.07.2020 00:00:00.000,1.17189,1.18068,1.17144,1.17810,358370.0313
30.07.2020 00:00:00.000,1.17810,1.18768,1.17311,1.18724,381358.75
31.07.2020 00:00:00.000,1.18724,1.19091,1.17618,1.17839,394748.875
02.08.2020 00:00:00.000,1.17758,1.17971,1.17724,1.17816,9921.6016
03.08.2020 00:00:00.000,1.17813,1.17891,1.16961,1.17605,290316
04.08.2020 00:00:00.000,1.17606,1.18151,1.17215,1.18139,458398
05.08.2020 00:00:00.000,1.18138,1.19051,1.17996,1.18725,936881.8125
06.08.2020 00:00:00.000,1.18724,1.19163,1.18181,1.18757,715918.5
07.08.2020 00:00:00.000,1.18757,1.18821,1.17555,1.17892,366000.4375
09.08.2020 00:00:00.000,1.17923,1.17937,1.17739,1.17814,5911.5112
10.08.2020 00:00:00.000,1.17815,1.18010,1.17361,1.17363,330681.5625
11.08.2020 00:00:00.000,1.17364,1.18081,1.17223,1.17352,467969.4375
12.08.2020 00:00:00.000,1.17352,1.18171,1.17112,1.17944,408395.625
13.08.2020 00:00:00.000,1.17942,1.18643,1.17938,1.18158,343563.6875
14.08.2020 00:00:00.000,1.18155,1.18506,1.17820,1.18434,327899.2188
16.08.2020 00:00:00.000,1.18467,1.18531,1.18362,1.18522,3172.1057
17.08.2020 00:00:00.000,1.18520,1.18813,1.18290,1.18750,226277.4531
18.08.2020 00:00:00.000,1.18749,1.19660,1.18744,1.19466,342256.2813
19.08.2020 00:00:00.000,1.19465,1.19531,1.18306,1.18441,487543.4063
20.08.2020 00:00:00.000,1.18442,1.18714,1.18024,1.18698,543835.75
21.08.2020 00:00:00.000,1.18698,1.18831,1.17543,1.17974,406924.4688
23.08.2020 00:00:00.000,1.17992,1.18070,1.17955,1.17985,7398.041
24.08.2020 00:00:00.000,1.17986,1.18498,1.17845,1.17940,317297.2813
25.08.2020 00:00:00.000,1.17940,1.18439,1.17845,1.18345,296367.625
26.08.2020 00:00:00.000,1.18345,1.18409,1.17726,1.18403,256260.9375
27.08.2020 00:00:00.000,1.18405,1.19022,1.17627,1.18210,414853.4063
28.08.2020 00:00:00.000,1.18209,1.19200,1.18112,1.19065,411218.2813
30.08.2020 00:00:00.000,1.19065,1.19206,1.19019,1.19174,9079.6191
31.08.2020 00:00:00.000,1.19174,1.19663,1.18842,1.19370,817397.125
01.09.2020 00:00:00.000,1.19372,1.20116,1.19016,1.19228,418309.4688
02.09.2020 00:00:00.000,1.19225,1.19243,1.18222,1.18459,802638.125
03.09.2020 00:00:00.000,1.18460,1.18649,1.17892,1.18417,1155499.25
04.09.2020 00:00:00.000,1.18417,1.18657,1.17811,1.18393,1240631.5
06.09.2020 00:00:00.000,1.18480,1.18481,1.18336,1.18345,13382.1523
07.09.2020 00:00:00.000,1.18346,1.18490,1.18123,1.18189,595554.75
08.09.2020 00:00:00.000,1.18189,1.18277,1.17573,1.17670,1313281.125
09.09.2020 00:00:00.000,1.17671,1.18341,1.17530,1.18039,1030856.1875
10.09.2020 00:00:00.000,1.18039,1.19176,1.18009,1.18238,988604.75
11.09.2020 00:00:00.000,1.18238,1.18742,1.18238,1.18476,608942.6875
13.09.2020 00:00:00.000,1.18409,1.18479,1.18365,1.18409,8220.0938
14.09.2020 00:00:00.000,1.18408,1.18882,1.18321,1.18676,445793.8125
15.09.2020 00:00:00.000,1.18674,1.19007,1.18397,1.18424,587849.625
16.09.2020 00:00:00.000,1.18422,1.18827,1.17878,1.18047,643455.5
17.09.2020 00:00:00.000,1.18048,1.18565,1.17379,1.18473,557005.8125
18.09.2020 00:00:00.000,1.18472,1.18706,1.18264,1.18410,490612.5313
20.09.2020 00:00:00.000,1.18428,1.18525,1.18406,1.18458,13851.7432
21.09.2020 00:00:00.000,1.18458,1.18719,1.17318,1.17632,579772.375
22.09.2020 00:00:00.000,1.17628,1.17718,1.16920,1.17064,645120.125
23.09.2020 00:00:00.000,1.17064,1.17192,1.16515,1.16571,736241.3125
24.09.2020 00:00:00.000,1.16570,1.16871,1.16267,1.16739,721678.5
25.09.2020 00:00:00.000,1.16740,1.16853,1.16124,1.16351,584951.6875
27.09.2020 00:00:00.000,1.16286,1.16384,1.16235,1.16345,6545.2061
28.09.2020 00:00:00.000,1.16344,1.16802,1.16153,1.16774,425628.3125
29.09.2020 00:00:00.000,1.16770,1.17458,1.16655,1.17420,398872.4688
30.09.2020 00:00:00.000,1.17418,1.17552,1.16849,1.17236,607049.8125
01.10.2020 00:00:00.000,1.17236,1.17699,1.17175,1.17442,590000.9375
02.10.2020 00:00:00.000,1.17441,1.17449,1.16960,1.17173,734665.8125
04.10.2020 00:00:00.000,1.17153,1.17204,1.17064,1.17199,17905.8105
05.10.2020 00:00:00.000,1.17200,1.17978,1.17179,1.17893,576396.625
06.10.2020 00:00:00.000,1.17892,1.18080,1.17305,1.17373,719125.25
07.10.2020 00:00:00.000,1.17375,1.17821,1.17252,1.17660,511775.2813
08.10.2020 00:00:00.000,1.17659,1.17819,1.17329,1.17670,435148.3438
09.10.2020 00:00:00.000,1.17672,1.18328,1.17578,1.18314,556453.75
11.10.2020 00:00:00.000,1.18180,1.18238,1.18115,1.18161,19503.9023
12.10.2020 00:00:00.000,1.18161,1.18269,1.17870,1.18130,366966.9063
13.10.2020 00:00:00.000,1.18131,1.18143,1.17307,1.17424,467039.4063
14.10.2020 00:00:00.000,1.17424,1.17713,1.17201,1.17448,454649.75
15.10.2020 00:00:00.000,1.17447,1.17581,1.16887,1.17069,472535.125
16.10.2020 00:00:00.000,1.17069,1.17464,1.16942,1.17216,437988.0938
18.10.2020 00:00:00.000,1.17238,1.17238,1.17115,1.17157,13075.9697
19.10.2020 00:00:00.000,1.17156,1.17939,1.17033,1.17685,552764.625
20.10.2020 00:00:00.000,1.17686,1.18409,1.17601,1.18293,595386.1875
21.10.2020 00:00:00.000,1.18291,1.18809,1.18283,1.18518,691083
22.10.2020 00:00:00.000,1.18519,1.18671,1.18116,1.18147,535065.625
23.10.2020 00:00:00.000,1.18147,1.18657,1.17870,1.18657,495630.8125
25.10.2020 00:00:00.000,1.18595,1.18617,1.18396,1.18482,21020.2031
26.10.2020 00:00:00.000,1.18481,1.18508,1.18034,1.18093,593828.25
27.10.2020 00:00:00.000,1.18093,1.18390,1.17698,1.17819,602459.5
28.10.2020 00:00:00.000,1.17820,1.17881,1.17180,1.17485,521391.6563
29.10.2020 00:00:00.000,1.17486,1.17589,1.16504,1.16785,608084.4375
30.10.2020 00:00:00.000,1.16784,1.17044,1.16402,1.16515,732345.5625
01.11.2020 00:00:00.000,1.16518,1.16523,1.16387,1.16419,17630.4668
02.11.2020 00:00:00.000,1.16419,1.16560,1.16223,1.16407,701169.5625
03.11.2020 00:00:00.000,1.16407,1.17641,1.16375,1.17618,694484.25
04.11.2020 00:00:00.000,1.17619,1.17706,1.16030,1.17326,727318.25
05.11.2020 00:00:00.000,1.17325,1.18598,1.17109,1.18172,927190.5625
06.11.2020 00:00:00.000,1.18173,1.18912,1.17956,1.18760,554118.1875
08.11.2020 00:00:00.000,1.18906,1.18952,1.18841,1.18928,9786.0898
09.11.2020 00:00:00.000,1.18926,1.19202,1.17956,1.18245,797841.75
10.11.2020 00:00:00.000,1.18244,1.18436,1.17801,1.18188,621427.6875
11.11.2020 00:00:00.000,1.18187,1.18329,1.17457,1.17797,417522.5313
12.11.2020 00:00:00.000,1.17796,1.18233,1.17588,1.18044,410157.3125
13.11.2020 00:00:00.000,1.18044,1.18385,1.17992,1.18385,363122.375
15.11.2020 00:00:00.000,1.18432,1.18491,1.18317,1.18450,11346.29
16.11.2020 00:00:00.000,1.18450,1.18691,1.18144,1.18596,402428.875
17.11.2020 00:00:00.000,1.18596,1.18939,1.18427,1.18639,422463.4063
18.11.2020 00:00:00.000,1.18639,1.18911,1.18451,1.18455,436092.125
19.11.2020 00:00:00.000,1.18453,1.18827,1.18164,1.18658,461104.8438
20.11.2020 00:00:00.000,1.18657,1.18910,1.18500,1.18603,353096.6875
22.11.2020 00:00:00.000,1.18564,1.18664,1.18548,1.18659,4629.1099
23.11.2020 00:00:00.000,1.18659,1.19062,1.18001,1.18426,350624.4375
24.11.2020 00:00:00.000,1.18427,1.18981,1.18386,1.18977,324415.1875
25.11.2020 00:00:00.000,1.18978,1.19299,1.18820,1.19167,332640.7188
26.11.2020 00:00:00.000,1.19167,1.19411,1.18855,1.19112,219365.2969
27.11.2020 00:00:00.000,1.19113,1.19650,1.19096,1.19650,251841.2969
29.11.2020 00:00:00.000,1.19627,1.19741,1.19626,1.19723,3960.45
30.11.2020 00:00:00.000,1.19724,1.20034,1.19238,1.19376,399224.8438
01.12.2020 00:00:00.000,1.19377,1.20768,1.19357,1.20710,534920
02.12.2020 00:00:00.000,1.20710,1.21187,1.20401,1.21143,491444.8438
03.12.2020 00:00:00.000,1.21143,1.21748,1.21012,1.21455,444105.0938
04.12.2020 00:00:00.000,1.21454,1.21776,1.21105,1.21229,419541.3125
06.12.2020 00:00:00.000,1.21329,1.21339,1.21200,1.21205,5597.7275
07.12.2020 00:00:00.000,1.21203,1.21664,1.20788,1.21097,448775
08.12.2020 00:00:00.000,1.21094,1.21343,1.20957,1.21098,362048.0938
09.12.2020 00:00:00.000,1.21098,1.21476,1.20590,1.20785,270652.5625
10.12.2020 00:00:00.000,1.20787,1.21592,1.20787,1.21438,229038.8594
11.12.2020 00:00:00.000,1.21438,1.21631,1.21056,1.21173,189523.0781
13.12.2020 00:00:00.000,1.21390,1.21445,1.21332,1.21334,4135.0669
14.12.2020 00:00:00.000,1.21333,1.21768,1.21158,1.21490,155024.5156
15.12.2020 00:00:00.000,1.21489,1.21691,1.21213,1.21548,142111.7188
16.12.2020 00:00:00.000,1.21547,1.22123,1.21252,1.21965,170703.125
17.12.2020 00:00:00.000,1.21963,1.22729,1.21901,1.22617,161184.4375
18.12.2020 00:00:00.000,1.22617,1.22690,1.22257,1.22596,152259.5313
20.12.2020 00:00:00.000,1.22272,1.22354,1.22118,1.22121,6453.9648
21.12.2020 00:00:00.000,1.22120,1.22531,1.21299,1.22352,229394.2344
22.12.2020 00:00:00.000,1.22352,1.22573,1.21523,1.21877,212368
23.12.2020 00:00:00.000,1.21876,1.22214,1.21540,1.21945,183747.3594
24.12.2020 00:00:00.000,1.21945,1.22161,1.21775,1.21844,168899.5625
25.12.2020 00:00:00.000,1.21849,1.22054,1.21720,1.22000,4703.0752
27.12.2020 00:00:00.000,1.21903,1.22077,1.21884,1.22043,9457.5713
28.12.2020 00:00:00.000,1.22043,1.22506,1.21815,1.22199,201906.8125
29.12.2020 00:00:00.000,1.22199,1.22752,1.22197,1.22527,190651.7813
30.12.2020 00:00:00.000,1.22527,1.23103,1.22517,1.22989,165523.4219
31.12.2020 00:00:00.000,1.22989,1.23095,1.22094,1.22174,159617.2813
03.01.2021 00:00:00.000,1.22411,1.22530,1.22318,1.22503,7239.5679
04.01.2021 00:00:00.000,1.22503,1.23098,1.22390,1.22530,229572.7656
05.01.2021 00:00:00.000,1.22531,1.23060,1.22474,1.22990,184166.9688
06.01.2021 00:00:00.000,1.22990,1.23495,1.22658,1.23385,275270.5938
07.01.2021 00:00:00.000,1.23387,1.23447,1.22453,1.22693,201081.5469
08.01.2021 00:00:00.000,1.22694,1.22848,1.21932,1.22234,207965.9063
10.01.2021 00:00:00.000,1.22209,1.22357,1.21825,1.21872,11196.5918
11.01.2021 00:00:00.000,1.21871,1.22000,1.21324,1.21610,166088.2031
12.01.2021 00:00:00.000,1.21611,1.22099,1.21373,1.22090,150809.8594
13.01.2021 00:00:00.000,1.22091,1.22230,1.21401,1.21622,149194.7969
14.01.2021 00:00:00.000,1.21622,1.21787,1.21112,1.21510,174713.6563
15.01.2021 00:00:00.000,1.21510,1.21628,1.20753,1.20795,153408.2344
17.01.2021 00:00:00.000,1.20854,1.20867,1.20664,1.20666,5685.2847
18.01.2021 00:00:00.000,1.20664,1.20870,1.20536,1.20781,107652.5938
19.01.2021 00:00:00.000,1.20779,1.21452,1.20776,1.21396,131027.0859
20.01.2021 00:00:00.000,1.21396,1.21585,1.20768,1.21150,130083.4141
21.01.2021 00:00:00.000,1.21150,1.21733,1.21096,1.21659,139868.8906
22.01.2021 00:00:00.000,1.21658,1.21898,1.21518,1.21745,125671.3516
24.01.2021 00:00:00.000,1.21730,1.21738,1.21647,1.21672,3779.4951
25.01.2021 00:00:00.000,1.21673,1.21835,1.21161,1.21431,146927.625
26.01.2021 00:00:00.000,1.21431,1.21761,1.21080,1.21636,145155.1563
27.01.2021 00:00:00.000,1.21635,1.21700,1.20587,1.21032,194133.6875
28.01.2021 00:00:00.000,1.21030,1.21427,1.20810,1.21212,184835.7344
29.01.2021 00:00:00.000,1.21213,1.21562,1.20946,1.21387,186495.2969
31.01.2021 00:00:00.000,1.21322,1.21353,1.21207,1.21231,6668.6299
01.02.2021 00:00:00.000,1.21229,1.21368,1.20563,1.20681,160684.3438
02.02.2021 00:00:00.000,1.20680,1.20880,1.20118,1.20369,147420.2813
03.02.2021 00:00:00.000,1.20371,1.20504,1.20043,1.20417,127229.0547
04.02.2021 00:00:00.000,1.20417,1.20431,1.19576,1.19665,122799.625
05.02.2021 00:00:00.000,1.19663,1.20504,1.19525,1.20501,126466.8281
07.02.2021 00:00:00.000,1.20393,1.20553,1.20374,1.20488,18124.2305
08.02.2021 00:00:00.000,1.20488,1.20662,1.20199,1.20526,101501.8672
09.02.2021 00:00:00.000,1.20527,1.21220,1.20496,1.21164,128237.3672
10.02.2021 00:00:00.000,1.21164,1.21442,1.21090,1.21191,124959.6563
11.02.2021 00:00:00.000,1.21191,1.21496,1.21138,1.21310,89028.0703
12.02.2021 00:00:00.000,1.21310,1.21335,1.20817,1.21224,86127.9063
14.02.2021 00:00:00.000,1.21260,1.21260,1.21207,1.21207,3181.3887
15.02.2021 00:00:00.000,1.21210,1.21454,1.21170,1.21324,78853.6875
16.02.2021 00:00:00.000,1.21324,1.21696,1.20863,1.20883,124685.3984
17.02.2021 00:00:00.000,1.20883,1.20984,1.20235,1.20456,130960.4297
18.02.2021 00:00:00.000,1.20458,1.20961,1.20359,1.20922,117141.0156
19.02.2021 00:00:00.000,1.20921,1.21447,1.20825,1.21213,117039.2969
21.02.2021 00:00:00.000,1.21205,1.21303,1.21152,1.21250,3841.5757
22.02.2021 00:00:00.000,1.21250,1.21695,1.20914,1.21642,133214.7188
23.02.2021 00:00:00.000,1.21642,1.21803,1.21354,1.21510,130926.6563
24.02.2021 00:00:00.000,1.21509,1.21748,1.21093,1.21698,172016.125
25.02.2021 00:00:00.000,1.21700,1.22435,1.21563,1.21581,222253.5
26.02.2021 00:00:00.000,1.21581,1.21829,1.20624,1.20754,279048.3438
28.02.2021 00:00:00.000,1.20721,1.20923,1.20719,1.20907,5749.3521
01.03.2021 00:00:00.000,1.20908,1.21014,1.20278,1.20489,146961.7969
02.03.2021 00:00:00.000,1.20487,1.20945,1.19918,1.20853,161553.2188
03.03.2021 00:00:00.000,1.20853,1.21134,1.20430,1.20468,188139.5625
04.03.2021 00:00:00.000,1.20467,1.20632,1.19609,1.19674,229529.8125
05.03.2021 00:00:00.000,1.19673,1.19690,1.18935,1.19200,236062.2031
07.03.2021 00:00:00.000,1.19198,1.19324,1.19182,1.19264,6756.3081
08.03.2021 00:00:00.000,1.19266,1.19325,1.18444,1.18511,183704.5625
09.03.2021 00:00:00.000,1.18513,1.19159,1.18357,1.18972,189706.2813
10.03.2021 00:00:00.000,1.18970,1.19299,1.18691,1.19247,158703.5781
11.03.2021 00:00:00.000,1.19245,1.19901,1.19159,1.19812,168495.9219
12.03.2021 00:00:00.000,1.19812,1.19887,1.19102,1.19562,149390.1875
14.03.2021 00:00:00.000,1.19480,1.19548,1.19440,1.19504,5809.1802
15.03.2021 00:00:00.000,1.19504,1.19677,1.19112,1.19265,121536.2266
16.03.2021 00:00:00.000,1.19266,1.19520,1.18821,1.19024,125418.0391
17.03.2021 00:00:00.000,1.19021,1.19877,1.18863,1.19827,132136.3438
18.03.2021 00:00:00.000,1.19829,1.19890,1.19064,1.19179,180157.5625
19.03.2021 00:00:00.000,1.19179,1.19374,1.18741,1.19049,139482.375
21.03.2021 00:00:00.000,1.18773,1.18903,1.18741,1.18840,5965.6089
22.03.2021 00:00:00.000,1.18839,1.19470,1.18748,1.19325,113506.6016
23.03.2021 00:00:00.000,1.19325,1.19409,1.18363,1.18400,118826.2813
24.03.2021 00:00:00.000,1.18400,1.18512,1.18092,1.18131,120870.4922
25.03.2021 00:00:00.000,1.18133,1.18279,1.17619,1.17758,130304.2734
26.03.2021 00:00:00.000,1.17759,1.18052,1.17719,1.17952,95700.5391
28.03.2021 00:00:00.000,1.17971,1.17971,1.17859,1.17878,3110.655
29.03.2021 00:00:00.000,1.17877,1.17941,1.17609,1.17689,112866.2188
30.03.2021 00:00:00.000,1.17686,1.17741,1.17114,1.17235,87895.6563
31.03.2021 00:00:00.000,1.17235,1.17600,1.17043,1.17274,101356.2969
01.04.2021 00:00:00.000,1.17274,1.17829,1.17129,1.17774,97490.0938
02.04.2021 00:00:00.000,1.17776,1.17869,1.17494,1.17645,43566.6953
04.04.2021 00:00:00.000,1.17604,1.17682,1.17560,1.17679,5147.6948
05.04.2021 00:00:00.000,1.17677,1.18198,1.17380,1.18170,54412.7852
06.04.2021 00:00:00.000,1.18170,1.18779,1.17953,1.18741,91845.7422
07.04.2021 00:00:00.000,1.18740,1.19150,1.18610,1.18726,99225.5078
08.04.2021 00:00:00.000,1.18728,1.19275,1.18610,1.19154,87470.375
09.04.2021 00:00:00.000,1.19155,1.19204,1.18672,1.19025,82318.6484
11.04.2021 00:00:00.000,1.18936,1.19045,1.18924,1.18960,3981.6226
12.04.2021 00:00:00.000,1.18960,1.19192,1.18713,1.19119,85008.6953
13.04.2021 00:00:00.000,1.19119,1.19561,1.18783,1.19540,109043.7422
14.04.2021 00:00:00.000,1.19544,1.19875,1.19513,1.19834,95333.7188
15.04.2021 00:00:00.000,1.19834,1.19935,1.19563,1.19696,98178.9453
16.04.2021 00:00:00.000,1.19694,1.19949,1.19506,1.19888,80092.8828
18.04.2021 00:00:00.000,1.19743,1.19784,1.19683,1.19691,2902.0667
19.04.2021 00:00:00.000,1.19691,1.20483,1.19427,1.20427,93680.1719
20.04.2021 00:00:00.000,1.20428,1.20800,1.20226,1.20328,92292.6328
21.04.2021 00:00:00.000,1.20327,1.20440,1.19987,1.20375,79526.3828
22.04.2021 00:00:00.000,1.20374,1.20698,1.19938,1.20147,111506.8047
23.04.2021 00:00:00.000,1.20147,1.21002,1.20131,1.20996,81305.6563
25.04.2021 00:00:00.000,1.20945,1.20985,1.20890,1.20895,2923.45
26.04.2021 00:00:00.000,1.20897,1.21171,1.20612,1.20798,81338.4766
27.04.2021 00:00:00.000,1.20795,1.20932,1.20570,1.20895,77490.7031
28.04.2021 00:00:00.000,1.20894,1.21356,1.20563,1.21351,101530.8828
29.04.2021 00:00:00.000,1.21353,1.21501,1.21023,1.21249,93961.3203
30.04.2021 00:00:00.000,1.21248,1.21268,1.20168,1.20224,92920.6719
02.05.2021 00:00:00.000,1.20361,1.20361,1.20249,1.20274,3405.301
03.05.2021 00:00:00.000,1.20274,1.20762,1.20132,1.20593,76041.0703
04.05.2021 00:00:00.000,1.20593,1.20603,1.19991,1.20148,97412.5469
05.05.2021 00:00:00.000,1.20148,1.20268,1.19862,1.20077,83150.6641
06.05.2021 00:00:00.000,1.20078,1.20718,1.19933,1.20655,85116.9063
07.05.2021 00:00:00.000,1.20654,1.21716,1.20530,1.21696,113311.6328
09.05.2021 00:00:00.000,1.21690,1.21771,1.21614,1.21708,4364.0498
10.05.2021 00:00:00.000,1.21707,1.21784,1.21279,1.21407,90652.0313
11.05.2021 00:00:00.000,1.21408,1.21818,1.21232,1.21444,93663.6484
12.05.2021 00:00:00.000,1.21444,1.21523,1.20658,1.20780,144844.6875
13.05.2021 00:00:00.000,1.20778,1.21063,1.20515,1.20769,124631.1172
14.05.2021 00:00:00.000,1.20770,1.21479,1.20710,1.21460,90762.25
16.05.2021 00:00:00.000,1.21460,1.21514,1.21405,1.21500,1925.4135
17.05.2021 00:00:00.000,1.21500,1.21689,1.21264,1.21565,76416.4063
18.05.2021 00:00:00.000,1.21565,1.22341,1.21538,1.22227,93462.3281
19.05.2021 00:00:00.000,1.22227,1.22453,1.21601,1.21708,106270.0391
20.05.2021 00:00:00.000,1.21709,1.22303,1.21692,1.22252,94521.7031
21.05.2021 00:00:00.000,1.22253,1.22400,1.21609,1.21832,95621.9922
23.05.2021 00:00:00.000,1.21847,1.21850,1.21724,1.21809,4054.2
24.05.2021 00:00:00.000,1.21808,1.22301,1.21751,1.22145,88646.2266
25.05.2021 00:00:00.000,1.22144,1.22666,1.22117,1.22472,95535.0859
26.05.2021 00:00:00.000,1.22473,1.22631,1.21821,1.21923,92474.3438
27.05.2021 00:00:00.000,1.21922,1.22153,1.21754,1.21931,88636.9141
28.05.2021 00:00:00.000,1.21932,1.22051,1.21328,1.21942,89897.4922
30.05.2021 00:00:00.000,1.22014,1.22018,1.21894,1.21896,3578.9451
31.05.2021 00:00:00.000,1.21897,1.22346,1.21835,1.22327,50088.9453
01.06.2021 00:00:00.000,1.22326,1.22546,1.22120,1.22177,79203.1016
02.06.2021 00:00:00.000,1.22177,1.22267,1.21642,1.22097,80924.0156
03.06.2021 00:00:00.000,1.22098,1.22144,1.21185,1.21302,89899.9609
04.06.2021 00:00:00.000,1.21302,1.21859,1.21042,1.21692,89856.4375
06.06.2021 00:00:00.000,1.21653,1.21682,1.21628,1.21669,2047.175
07.06.2021 00:00:00.000,1.21668,1.22020,1.21451,1.21909,55472.4883
08.06.2021 00:00:00.000,1.21907,1.21944,1.21645,1.21727,89355.3984
09.06.2021 00:00:00.000,1.21728,1.22182,1.21717,1.21787,57404.8516
10.06.2021 00:00:00.000,1.21786,1.21949,1.21436,1.21731,91213.4141
11.06.2021 00:00:00.000,1.21729,1.21932,1.20928,1.21096,64959
13.06.2021 00:00:00.000,1.21105,1.21143,1.21055,1.21099,3315.7734
14.06.2021 00:00:00.000,1.21099,1.21307,1.20944,1.21221,51347.25
15.06.2021 00:00:00.000,1.21222,1.21475,1.21014,1.21249,64223.5039
16.06.2021 00:00:00.000,1.21250,1.21350,1.19867,1.19953,103761.8281
17.06.2021 00:00:00.000,1.19952,1.20065,1.18920,1.19134,134620.3438
18.06.2021 00:00:00.000,1.19133,1.19252,1.18474,1.18677,126727.1484
20.06.2021 00:00:00.000,1.18600,1.18808,1.18584,1.18707,6430.7949
21.06.2021 00:00:00.000,1.18706,1.19215,1.18479,1.19124,135605.5469
22.06.2021 00:00:00.000,1.19122,1.19528,1.18811,1.19367,97636.8203
23.06.2021 00:00:00.000,1.19366,1.19702,1.19118,1.19300,92408.4609
24.06.2021 00:00:00.000,1.19300,1.19565,1.19178,1.19283,85612.9688
25.06.2021 00:00:00.000,1.19282,1.19754,1.19264,1.19392,75131.7578
27.06.2021 00:00:00.000,1.19380,1.19423,1.19337,1.19418,3316.0801
28.06.2021 00:00:00.000,1.19418,1.19447,1.19025,1.19289,84327.4609
29.06.2021 00:00:00.000,1.19291,1.19299,1.18779,1.19005,100710.5
30.06.2021 00:00:00.000,1.19006,1.19092,1.18452,1.18562,96783.8203
01.07.2021 00:00:00.000,1.18563,1.18844,1.18375,1.18459,100757.7813
02.07.2021 00:00:00.000,1.18458,1.18744,1.18076,1.18673,96276.5781
04.07.2021 00:00:00.000,1.18654,1.18722,1.18559,1.18560,5060.5801
05.07.2021 00:00:00.000,1.18559,1.18807,1.18515,1.18630,58965.5313
06.07.2021 00:00:00.000,1.18628,1.18953,1.18070,1.18225,100940.1563
07.07.2021 00:00:00.000,1.18226,1.18365,1.17817,1.17933,104531.8438
08.07.2021 00:00:00.000,1.17933,1.18680,1.17837,1.18466,125008.7266
09.07.2021 00:00:00.000,1.18467,1.18813,1.18252,1.18802,100022.5625
11.07.2021 00:00:00.000,1.18792,1.18813,1.18679,1.18727,4045.3477
12.07.2021 00:00:00.000,1.18726,1.18803,1.18363,1.18631,75331.8438
13.07.2021 00:00:00.000,1.18632,1.18754,1.17723,1.17752,91979.5859
14.07.2021 00:00:00.000,1.17750,1.18399,1.17721,1.18331,85680.8047
15.07.2021 00:00:00.000,1.18331,1.18509,1.17965,1.18117,76460.2656
16.07.2021 00:00:00.000,1.18117,1.18223,1.17924,1.18067,61851.2305
18.07.2021 00:00:00.000,1.18127,1.18142,1.18039,1.18127,2836.6516
19.07.2021 00:00:00.000,1.18129,1.18247,1.17638,1.17920,81120.6328
20.07.2021 00:00:00.000,1.17919,1.18027,1.17559,1.17815,89667.2188
21.07.2021 00:00:00.000,1.17815,1.18049,1.17521,1.17926,71687.1719
22.07.2021 00:00:00.000,1.17928,1.18307,1.17575,1.17727,116440.0078
23.07.2021 00:00:00.000,1.17728,1.17868,1.17548,1.17733,66456.5938
25.07.2021 00:00:00.000,1.17750,1.17781,1.17707,1.17733,1362.7343
26.07.2021 00:00:00.000,1.17734,1.18175,1.17636,1.18051,77608.2109
27.07.2021 00:00:00.000,1.18050,1.18412,1.17701,1.18207,71757.6172
28.07.2021 00:00:00.000,1.18207,1.18497,1.17726,1.18459,94804.9922
29.07.2021 00:00:00.000,1.18458,1.18947,1.18410,1.18906,67264.1094
30.07.2021 00:00:00.000,1.18905,1.19088,1.18518,1.18743,64810.8594
01.08.2021 00:00:00.000,1.18722,1.18731,1.18625,1.18665,1775.0465
02.08.2021 00:00:00.000,1.18665,1.18971,1.18592,1.18742,55346.4609
03.08.2021 00:00:00.000,1.18743,1.18935,1.18538,1.18696,56232.3281
04.08.2021 00:00:00.000,1.18695,1.18999,1.18329,1.18376,65230.4492
05.08.2021 00:00:00.000,1.18375,1.18574,1.18282,1.18336,59409.4297
06.08.2021 00:00:00.000,1.18335,1.18336,1.17546,1.17639,65433.1914
08.08.2021 00:00:00.000,1.17653,1.17678,1.17425,1.17478,6511.7148
09.08.2021 00:00:00.000,1.17481,1.17691,1.17350,1.17364,51388.1953
10.08.2021 00:00:00.000,1.17363,1.17430,1.17098,1.17198,56824.3984
11.08.2021 00:00:00.000,1.17199,1.17545,1.17062,1.17421,57527.5469
12.08.2021 00:00:00.000,1.17421,1.17484,1.17238,1.17359,43195.5547
13.08.2021 00:00:00.000,1.17359,1.18048,1.17305,1.17966,36671.8086
15.08.2021 00:00:00.000,1.17980,1.18014,1.17920,1.17944,2290.4624
16.08.2021 00:00:00.000,1.17943,1.18010,1.17674,1.17780,41328.6406
17.08.2021 00:00:00.000,1.17778,1.17848,1.17022,1.17095,64153.6992
18.08.2021 00:00:00.000,1.17095,1.17434,1.16938,1.17030,66312.2813
19.08.2021 00:00:00.000,1.17030,1.17043,1.16659,1.16767,62807.3711
20.08.2021 00:00:00.000,1.16767,1.17047,1.16641,1.17041,47221.9609
22.08.2021 00:00:00.000,1.17007,1.17037,1.16931,1.16972,1825.91
23.08.2021 00:00:00.000,1.16972,1.17504,1.16953,1.17446,48768.1914
24.08.2021 00:00:00.000,1.17443,1.17653,1.17274,1.17530,42549.5938
25.08.2021 00:00:00.000,1.17531,1.17750,1.17263,1.17722,53556.5195
26.08.2021 00:00:00.000,1.17720,1.17791,1.17461,1.17539,55865.6719
27.08.2021 00:00:00.000,1.17540,1.18027,1.17350,1.17996,82951.3828
29.08.2021 00:00:00.000,1.17984,1.18010,1.17944,1.17984,1277.51
30.08.2021 00:00:00.000,1.17986,1.18101,1.17828,1.17967,41632.6563
31.08.2021 00:00:00.000,1.17964,1.18452,1.17956,1.18102,65054.4688
01.09.2021 00:00:00.000,1.18103,1.18574,1.17938,1.18411,65332.0156
02.09.2021 00:00:00.000,1.18410,1.18772,1.18344,1.18739,48878.6719
03.09.2021 00:00:00.000,1.18740,1.19093,1.18660,1.18811,74569.1563
05.09.2021 00:00:00.000,1.18848,1.18867,1.18796,1.18858,1858.925
06.09.2021 00:00:00.000,1.18859,1.18862,1.18560,1.18735,45878.875
07.09.2021 00:00:00.000,1.18734,1.18854,1.18376,1.18433,70181.4063
08.09.2021 00:00:00.000,1.18432,1.18513,1.18022,1.18190,77747.2266
09.09.2021 00:00:00.000,1.18191,1.18414,1.18053,1.18233,79711.0234
10.09.2021 00:00:00.000,1.18235,1.18513,1.18099,1.18177,64931.5508
12.09.2021 00:00:00.000,1.18200,1.18200,1.18089,1.18118,1703.6
13.09.2021 00:00:00.000,1.18117,1.18172,1.17703,1.18099,63151.1055
14.09.2021 00:00:00.000,1.18099,1.18459,1.18003,1.18026,67381.125
15.09.2021 00:00:00.000,1.18027,1.18321,1.17994,1.18193,59589.0313
16.09.2021 00:00:00.000,1.18192,1.18207,1.17507,1.17651,63665.6953
17.09.2021 00:00:00.000,1.17652,1.17891,1.17248,1.17264,59734.25
19.09.2021 00:00:00.000,1.17332,1.17356,1.17235,1.17295,1347.58
20.09.2021 00:00:00.000,1.17296,1.17367,1.17002,1.17270,86270.9688
21.09.2021 00:00:00.000,1.17270,1.17489,1.17151,1.17231,91611.2969
22.09.2021 00:00:00.000,1.17232,1.17557,1.16846,1.16873,94820.7188
23.09.2021 00:00:00.000,1.16874,1.17503,1.16837,1.17402,79039.7891
24.09.2021 00:00:00.000,1.17402,1.17479,1.17008,1.17219,56465.25
26.09.2021 00:00:00.000,1.17305,1.17305,1.17176,1.17229,3857.5149
27.09.2021 00:00:00.000,1.17230,1.17254,1.16848,1.16961,101097.0469
28.09.2021 00:00:00.000,1.16960,1.17034,1.16685,1.16863,103251.4531
29.09.2021 00:00:00.000,1.16863,1.16903,1.15896,1.16018,112674.9688
30.09.2021 00:00:00.000,1.16018,1.16099,1.15627,1.15740,98397.2813
01.10.2021 00:00:00.000,1.15739,1.16075,1.15631,1.16011,87725.5234
03.10.2021 00:00:00.000,1.16041,1.16113,1.15946,1.16068,2439.77
04.10.2021 00:00:00.000,1.16070,1.16402,1.15879,1.16165,64013.4297
05.10.2021 00:00:00.000,1.16165,1.16202,1.15807,1.15958,70127.3281
06.10.2021 00:00:00.000,1.15958,1.15981,1.15294,1.15552,82598.125
07.10.2021 00:00:00.000,1.15550,1.15723,1.15476,1.15595,65820.6563
08.10.2021 00:00:00.000,1.15594,1.15862,1.15416,1.15770,69221.2813
10.10.2021 00:00:00.000,1.15756,1.15768,1.15639,1.15656,2984.49
11.10.2021 00:00:00.000,1.15657,1.15869,1.15480,1.15536,55389.9883
12.10.2021 00:00:00.000,1.15536,1.15704,1.15244,1.15306,55839.6719
13.10.2021 00:00:00.000,1.15307,1.15996,1.15302,1.15972,73007.8203
14.10.2021 00:00:00.000,1.15970,1.16246,1.15842,1.15907,74031.8594
15.10.2021 00:00:00.000,1.15905,1.16189,1.15882,1.16040,61062.7617
17.10.2021 00:00:00.000,1.15958,1.16057,1.15949,1.15967,3139.23
18.10.2021 00:00:00.000,1.15966,1.16225,1.15720,1.16136,73083.9922
19.10.2021 00:00:00.000,1.16137,1.16695,1.16135,1.16314,66255.0938
20.10.2021 00:00:00.000,1.16317,1.16588,1.16170,1.16526,71772.8828
21.10.2021 00:00:00.000,1.16525,1.16676,1.16197,1.16250,61161.2695
22.10.2021 00:00:00.000,1.16251,1.16558,1.16214,1.16474,86162.6484
24.10.2021 00:00:00.000,1.16449,1.16463,1.16359,1.16393,1347.86
25.10.2021 00:00:00.000,1.16395,1.16651,1.15908,1.16091,64793.2188
26.10.2021 00:00:00.000,1.16090,1.16260,1.15851,1.15966,62856.3516
27.10.2021 00:00:00.000,1.15965,1.16262,1.15851,1.15986,75522
28.10.2021 00:00:00.000,1.15986,1.16924,1.15824,1.16825,94632.9297
29.10.2021 00:00:00.000,1.16824,1.16901,1.15353,1.15621,89092.6406
31.10.2021 00:00:00.000,1.15616,1.15659,1.15556,1.15565,2601.4299
01.11.2021 00:00:00.000,1.15566,1.16094,1.15462,1.15997,74296.0781
02.11.2021 00:00:00.000,1.15998,1.16135,1.15754,1.15792,63258.4609
03.11.2021 00:00:00.000,1.15793,1.16168,1.15625,1.16158,85660.0313
04.11.2021 00:00:00.000,1.16157,1.16163,1.15283,1.15557,83382.0938
05.11.2021 00:00:00.000,1.15557,1.15734,1.15134,1.15695,85633.1719
07.11.2021 00:00:00.000,1.15621,1.15701,1.15587,1.15684,5067.5898
08.11.2021 00:00:00.000,1.15687,1.15951,1.15507,1.15881,63917.1719
09.11.2021 00:00:00.000,1.15882,1.16089,1.15700,1.15941,68783.7734
10.11.2021 00:00:00.000,1.15943,1.15955,1.14765,1.14859,98082.1016
11.11.2021 00:00:00.000,1.14858,1.14879,1.14432,1.14479,58314.0859
12.11.2021 00:00:00.000,1.14480,1.14623,1.14331,1.14475,60294.3164
14.11.2021 00:00:00.000,1.14494,1.14512,1.14414,1.14415,1265.15
15.11.2021 00:00:00.000,1.14416,1.14642,1.13565,1.13672,76136.6719
16.11.2021 00:00:00.000,1.13672,1.13859,1.13092,1.13182,98233.9922
17.11.2021 00:00:00.000,1.13183,1.13324,1.12638,1.13182,93322.1797
18.11.2021 00:00:00.000,1.13181,1.13752,1.13140,1.13680,90311.4766
19.11.2021 00:00:00.000,1.13681,1.13694,1.12502,1.12852,125030.9375
21.11.2021 00:00:00.000,1.12926,1.12945,1.12719,1.12756,2272.6599
22.11.2021 00:00:00.000,1.12757,1.12906,1.12309,1.12420,120492.0078
23.11.2021 00:00:00.000,1.12420,1.12752,1.12262,1.12447,103972.0078
24.11.2021 00:00:00.000,1.12449,1.12554,1.11863,1.12027,114018.6953
25.11.2021 00:00:00.000,1.12029,1.12299,1.12029,1.12095,69015.3125
26.11.2021 00:00:00.000,1.12094,1.13332,1.12071,1.13270,157429.5469
28.11.2021 00:00:00.000,1.13046,1.13232,1.12809,1.12928,8461.8037
29.11.2021 00:00:00.000,1.12927,1.13007,1.12586,1.12928,87743.2969
30.11.2021 00:00:00.000,1.12927,1.13831,1.12353,1.13302,178424.7969
01.12.2021 00:00:00.000,1.13304,1.13599,1.13027,1.13191,113925.9297
02.12.2021 00:00:00.000,1.13195,1.13479,1.12956,1.13061,90251.8203
03.12.2021 00:00:00.000,1.13060,1.13337,1.12668,1.13193,117168.1172
05.12.2021 00:00:00.000,1.13094,1.13156,1.13018,1.13042,3044.8601
06.12.2021 00:00:00.000,1.13045,1.13104,1.12666,1.12837,76078.4141
07.12.2021 00:00:00.000,1.12837,1.12986,1.12278,1.12727,80431.0156
08.12.2021 00:00:00.000,1.12727,1.13550,1.12670,1.13444,93188.4766
09.12.2021 00:00:00.000,1.13445,1.13446,1.12786,1.12940,69604.6797
10.12.2021 00:00:00.000,1.12938,1.13242,1.12653,1.13182,80039.4609
12.12.2021 00:00:00.000,1.13192,1.13212,1.13099,1.13110,1731.3101
13.12.2021 00:00:00.000,1.13109,1.13142,1.12603,1.12837,65957.1328
14.12.2021 00:00:00.000,1.12837,1.13240,1.12539,1.12578,77686.2578
15.12.2021 00:00:00.000,1.12579,1.12996,1.12219,1.12907,96797.4219
16.12.2021 00:00:00.000,1.12908,1.13606,1.12814,1.13340,98233.5313
17.12.2021 00:00:00.000,1.13339,1.13491,1.12355,1.12443,67829.8203
19.12.2021 00:00:00.000,1.12443,1.12443,1.12348,1.12432,2296.8401
20.12.2021 00:00:00.000,1.12429,1.13040,1.12368,1.12774,70500.9531
21.12.2021 00:00:00.000,1.12775,1.13029,1.12609,1.12873,66240.8125
22.12.2021 00:00:00.000,1.12875,1.13425,1.12645,1.13268,60311.582
23.12.2021 00:00:00.000,1.13265,1.13425,1.12903,1.13234,65476.8711
24.12.2021 00:00:00.000,1.13234,1.13439,1.13043,1.13256,195776.125
26.12.2021 00:00:00.000,1.13191,1.13273,1.13121,1.13236,3507.4646
27.12.2021 00:00:00.000,1.13235,1.13347,1.13031,1.13299,39036.5391
28.12.2021 00:00:00.000,1.13297,1.13336,1.12898,1.13134,51402.4531
29.12.2021 00:00:00.000,1.13132,1.13691,1.12739,1.13599,57138.1758
30.12.2021 00:00:00.000,1.13600,1.13601,1.12986,1.13227,60565.6563
31.12.2021 00:00:00.000,1.13222,1.13867,1.13035,1.13751,56350.7695
02.01.2022 00:00:00.000,1.13776,1.13802,1.13690,1.13731,2783.3949
03.01.2022 00:00:00.000,1.13732,1.13759,1.12800,1.13023,98372.48819999999
04.01.2022 00:00:00.000,1.13023,1.13226,1.12724,1.12832,84488.59509999999
05.01.2022 00:00:00.000,1.12830,1.13466,1.12773,1.13109,78258.16729999999
06.01.2022 00:00:00.000,1.13110,1.13321,1.12848,1.12951,102992.93700000002
07.01.2022 00:00:00.000,1.12952,1.13650,1.12902,1.13629,83715.97589999998
09.01.2022 00:00:00.000,1.13575,1.13620,1.13500,1.13539,7326.7197
10.01.2022 00:00:00.000,1.13539,1.13584,1.12852,1.13303,93651.92929999999
11.01.2022 00:00:00.000,1.13301,1.13756,1.13132,1.13663,68018.8952
12.01.2022 00:00:00.000,1.13664,1.14529,1.13549,1.14398,72538.5203
13.01.2022 00:00:00.000,1.14396,1.14820,1.14359,1.14567,76499.97859999999
14.01.2022 00:00:00.000,1.14568,1.14830,1.13986,1.14167,75687.13529999998
16.01.2022 00:00:00.000,1.14206,1.14206,1.14059,1.14116,2254.18
17.01.2022 00:00:00.000,1.14116,1.14346,1.13921,1.14102,48512.56419999999
18.01.2022 00:00:00.000,1.14105,1.14217,1.13149,1.13290,88255.04589999998
19.01.2022 00:00:00.000,1.13292,1.13574,1.13191,1.13433,71475.7897
20.01.2022 00:00:00.000,1.13434,1.13692,1.13033,1.13132,74018.44480000001
21.01.2022 00:00:00.000,1.13132,1.13599,1.13012,1.13455,70165.72529999999
23.01.2022 00:00:00.000,1.13455,1.13477,1.13370,1.13415,3370.525
24.01.2022 00:00:00.000,1.13413,1.13414,1.12907,1.13240,97041.96910000002
25.01.2022 00:00:00.000,1.13241,1.13244,1.12634,1.13033,80190.65849999999
26.01.2022 00:00:00.000,1.13032,1.13109,1.12357,1.12411,105681.42069999999
27.01.2022 00:00:00.000,1.12410,1.12437,1.11315,1.11448,109459.78020000001
28.01.2022 00:00:00.000,1.11448,1.11737,1.11216,1.11531,97886.2496
30.01.2022 00:00:00.000,1.11484,1.11528,1.11386,1.11522,2829.99
31.01.2022 00:00:00.000,1.11523,1.12481,1.11444,1.12296,87721.68050000002
01.02.2022 00:00:00.000,1.12296,1.12789,1.12211,1.12734,82432.93020000002
02.02.2022 00:00:00.000,1.12734,1.13308,1.12669,1.12997,73761.88960000001
03.02.2022 00:00:00.000,1.12999,1.14517,1.12676,1.14359,130742.18150000002
04.02.2022 00:00:00.000,1.14356,1.14840,1.14118,1.14517,105753.3504
06.02.2022 00:00:00.000,1.14677,1.14725,1.14516,1.14548,2758.39
07.02.2022 00:00:00.000,1.14549,1.14590,1.14154,1.14412,91005.7692
08.02.2022 00:00:00.000,1.14414,1.14489,1.13963,1.14209,75036.5878
09.02.2022 00:00:00.000,1.14210,1.14480,1.14027,1.14214,63895.3551
10.02.2022 00:00:00.000,1.14213,1.14951,1.13750,1.14116,113935.98019999999
11.02.2022 00:00:00.000,1.14116,1.14182,1.13299,1.13507,125420.01000000001
13.02.2022 00:00:00.000,1.13403,1.13676,1.13393,1.13646,8868.3899
14.02.2022 00:00:00.000,1.13645,1.13695,1.12804,1.13061,115960.20099999997
15.02.2022 00:00:00.000,1.13061,1.13684,1.13036,1.13555,97384.44500000002
16.02.2022 00:00:00.000,1.13554,1.13961,1.13452,1.13732,84264.4984
17.02.2022 00:00:00.000,1.13729,1.13863,1.13236,1.13642,119559.94889999999
18.02.2022 00:00:00.000,1.13638,1.13772,1.13143,1.13237,79724.3
20.02.2022 00:00:00.000,1.13231,1.13282,1.13136,1.13167,3748.36
21.02.2022 00:00:00.000,1.13172,1.13908,1.12967,1.13097,76463.78100000002
22.02.2022 00:00:00.000,1.13096,1.13670,1.12883,1.13291,105735.30029999999
23.02.2022 00:00:00.000,1.13290,1.13591,1.13004,1.13056,75870.30599999997
24.02.2022 00:00:00.000,1.13057,1.13064,1.11065,1.11908,224078.74
25.02.2022 00:00:00.000,1.11910,1.12744,1.11661,1.12743,135970.86070000002
27.02.2022 00:00:00.000,1.11290,1.11885,1.11279,1.11805,23354.466800000002
28.02.2022 00:00:00.000,1.11805,1.12467,1.11424,1.12146,179110.16040000002
01.03.2022 00:00:00.000,1.12146,1.12333,1.10899,1.11327,148395.5389
02.03.2022 00:00:00.000,1.11324,1.11442,1.10577,1.11128,168627.1284
03.03.2022 00:00:00.000,1.11123,1.11157,1.10338,1.10661,118263.65
04.03.2022 00:00:00.000,1.10662,1.10668,1.08859,1.09386,168798.5409
06.03.2022 00:00:00.000,1.09286,1.09313,1.08638,1.08738,9809.8603
07.03.2022 00:00:00.000,1.08739,1.09327,1.08063,1.08665,243205.09759999995
08.03.2022 00:00:00.000,1.08666,1.09587,1.08493,1.08981,223101.4839
09.03.2022 00:00:00.000,1.08985,1.10954,1.08970,1.10738,137131.2789
10.03.2022 00:00:00.000,1.10738,1.11214,1.09764,1.10137,176344.5385
11.03.2022 00:00:00.000,1.10136,1.10438,1.09022,1.09143,178352.2712
13.03.2022 00:00:00.000,1.09267,1.09392,1.09128,1.09321,11741.9747
14.03.2022 00:00:00.000,1.09321,1.09941,1.09008,1.09431,226433.72259999998
15.03.2022 00:00:00.000,1.09432,1.10201,1.09262,1.09672,230244.0104
16.03.2022 00:00:00.000,1.09672,1.10468,1.09503,1.10219,291611.11159999995
17.03.2022 00:00:00.000,1.10220,1.11378,1.10206,1.10994,184323.93420000002
18.03.2022 00:00:00.000,1.10995,1.11189,1.10033,1.10521,164331.7515
20.03.2022 00:00:00.000,1.10634,1.10666,1.10413,1.10430,8469.627700000001
21.03.2022 00:00:00.000,1.10429,1.10703,1.10104,1.10169,164367.1396
22.03.2022 00:00:00.000,1.10169,1.10460,1.09611,1.10295,199585.8393
23.03.2022 00:00:00.000,1.10300,1.10400,1.09642,1.10062,162448.57119999998
24.03.2022 00:00:00.000,1.10061,1.10141,1.09663,1.10089,177384.80740000002
25.03.2022 00:00:00.000,1.10090,1.10381,1.09811,1.09842,187566.5184
27.03.2022 00:00:00.000,1.09905,1.09914,1.09776,1.09818,8996.0756
28.03.2022 00:00:00.000,1.09818,1.09998,1.09448,1.09915,208515.90899999999
29.03.2022 00:00:00.000,1.09916,1.11373,1.09691,1.10914,296732.78949999996
30.03.2022 00:00:00.000,1.10914,1.11712,1.10881,1.11615,215092.61999999994
31.03.2022 00:00:00.000,1.11617,1.11852,1.10611,1.10731,191495.8345
01.04.2022 00:00:00.000,1.10732,1.10759,1.10281,1.10489,160284.3004
03.04.2022 00:00:00.000,1.10379,1.10458,1.10359,1.10457,3271.2037
04.04.2022 00:00:00.000,1.10462,1.10548,1.09605,1.09755,107899.1044
05.04.2022 00:00:00.000,1.09754,1.09887,1.09003,1.09062,87428.40429999998
06.04.2022 00:00:00.000,1.09063,1.09382,1.08747,1.08979,110034.2145
07.04.2022 00:00:00.000,1.08980,1.09386,1.08605,1.08645,116295.25770000003
08.04.2022 00:00:00.000,1.08644,1.08920,1.08366,1.08779,92405.4402
10.04.2022 00:00:00.000,1.09253,1.09269,1.08846,1.08847,7732.253
11.04.2022 00:00:00.000,1.08844,1.09334,1.08730,1.08772,110863.69110000003
12.04.2022 00:00:00.000,1.08773,1.09038,1.08214,1.08262,198061.37470000001
13.04.2022 00:00:00.000,1.08262,1.08975,1.08091,1.08954,154665.16770000002
14.04.2022 00:00:00.000,1.08954,1.09235,1.07577,1.08225,194272.98589999997
15.04.2022 00:00:00.000,1.08228,1.08241,1.07972,1.08136,135571.5061
17.04.2022 00:00:00.000,1.08091,1.08219,1.08036,1.08143,8239.5502
18.04.2022 00:00:00.000,1.08141,1.08162,1.07702,1.07804,144833.2102
19.04.2022 00:00:00.000,1.07803,1.08148,1.07614,1.07946,196406.71529999995
20.04.2022 00:00:00.000,1.07947,1.08673,1.07844,1.08498,211933.6795
21.04.2022 00:00:00.000,1.08496,1.09366,1.08239,1.08353,237306.05890000003
22.04.2022 00:00:00.000,1.08352,1.08519,1.07708,1.08032,186146.43019999997
24.04.2022 00:00:00.000,1.08145,1.08167,1.07965,1.08097,12787.895
25.04.2022 00:00:00.000,1.08098,1.08125,1.06969,1.07128,268845.8627
26.04.2022 00:00:00.000,1.07129,1.07390,1.06352,1.06429,225044.45320000002
27.04.2022 00:00:00.000,1.06429,1.06549,1.05148,1.05546,254393.93340000004
28.04.2022 00:00:00.000,1.05545,1.05652,1.04716,1.05034,364373.8077
29.04.2022 00:00:00.000,1.05037,1.05933,1.05024,1.05480,271556.587
01.05.2022 00:00:00.000,1.05641,1.05652,1.05348,1.05353,21502.3096
02.05.2022 00:00:00.000,1.05352,1.05687,1.04904,1.05099,247815.59880000004
03.05.2022 00:00:00.000,1.05098,1.05778,1.04926,1.05255,225137.40219999998
04.05.2022 00:00:00.000,1.05255,1.06313,1.05064,1.06207,333863.74470000004
05.05.2022 00:00:00.000,1.06208,1.06421,1.04929,1.05399,326592.8873
06.05.2022 00:00:00.000,1.05398,1.05990,1.04830,1.05481,385894.64849999995
08.05.2022 00:00:00.000,1.05484,1.05509,1.05311,1.05323,12484.5502
09.05.2022 00:00:00.000,1.05322,1.05926,1.04954,1.05635,242634.8023
10.05.2022 00:00:00.000,1.05635,1.05856,1.05255,1.05294,233634.26780000003
11.05.2022 00:00:00.000,1.05293,1.05775,1.05021,1.05122,346986.1011000001
12.05.2022 00:00:00.000,1.05121,1.05296,1.03542,1.03789,383009.74100000004
13.05.2022 00:00:00.000,1.03789,1.04199,1.03497,1.04158,178759.72099999996
15.05.2022 00:00:00.000,1.04183,1.04202,1.03978,1.03982,18205.069900000002
16.05.2022 00:00:00.000,1.03987,1.04433,1.03894,1.04395,230416.788
17.05.2022 00:00:00.000,1.04393,1.05560,1.04322,1.05492,267411.74769999995
18.05.2022 00:00:00.000,1.05489,1.05642,1.04605,1.04733,156474.9309
19.05.2022 00:00:00.000,1.04734,1.06073,1.04653,1.05796,337756.3807
20.05.2022 00:00:00.000,1.05798,1.05993,1.05331,1.05654,203736.54029999994
22.05.2022 00:00:00.000,1.05691,1.05783,1.05599,1.05694,12075.7578
23.05.2022 00:00:00.000,1.05693,1.06976,1.05683,1.06839,202714.06310000003
24.05.2022 00:00:00.000,1.06839,1.07486,1.06613,1.07330,210229.84660000002
25.05.2022 00:00:00.000,1.07331,1.07370,1.06425,1.06872,227701.591
26.05.2022 00:00:00.000,1.06869,1.07348,1.06628,1.07327,175684.35609999998
27.05.2022 00:00:00.000,1.07329,1.07653,1.06971,1.07393,146925.93980000002
29.05.2022 00:00:00.000,1.07412,1.07417,1.07265,1.07296,6049.6399
30.05.2022 00:00:00.000,1.07297,1.07873,1.07270,1.07733,93176.071
31.05.2022 00:00:00.000,1.07733,1.07749,1.06791,1.07344,202526.28229999996
01.06.2022 00:00:00.000,1.07345,1.07396,1.06274,1.06512,183693.3988
02.06.2022 00:00:00.000,1.06514,1.07514,1.06452,1.07506,121487.3385
03.06.2022 00:00:00.000,1.07508,1.07645,1.07042,1.07210,106654.49929999998
05.06.2022 00:00:00.000,1.07268,1.07384,1.07149,1.07257,9795.089899999999
06.06.2022 00:00:00.000,1.07257,1.07521,1.06842,1.06900,139253.08980000005
07.06.2022 00:00:00.000,1.06899,1.07145,1.06522,1.06976,184589.1195
08.06.2022 00:00:00.000,1.06977,1.07487,1.06716,1.07172,149537.41900000002
09.06.2022 00:00:00.000,1.07173,1.07743,1.06113,1.06194,263975.9863
10.06.2022 00:00:00.000,1.06195,1.06426,1.05060,1.05225,235020.2698
12.06.2022 00:00:00.000,1.05191,1.05205,1.04868,1.04912,23292.37
13.06.2022 00:00:00.000,1.04913,1.04959,1.04000,1.04153,254224.59740000006
14.06.2022 00:00:00.000,1.04152,1.04849,1.03974,1.04373,214422.86469999995
15.06.2022 00:00:00.000,1.04373,1.05080,1.03593,1.04580,341395.92010000005
16.06.2022 00:00:00.000,1.04581,1.06017,1.03812,1.05469,339900.4795000001
17.06.2022 00:00:00.000,1.05470,1.05524,1.04448,1.04978,324378.7516
19.06.2022 00:00:00.000,1.04777,1.05002,1.04752,1.04903,7543.360000000001
20.06.2022 00:00:00.000,1.04903,1.05461,1.04852,1.05178,204063.4472
21.06.2022 00:00:00.000,1.05176,1.05828,1.05133,1.05315,210793.32009999995
22.06.2022 00:00:00.000,1.05317,1.06059,1.04691,1.05649,246942.74970000001
23.06.2022 00:00:00.000,1.05650,1.05815,1.04829,1.05198,299768.2913
24.06.2022 00:00:00.000,1.05197,1.05715,1.05124,1.05587,173737.32049999997
26.06.2022 00:00:00.000,1.05591,1.05751,1.05536,1.05667,7950.500099999999
27.06.2022 00:00:00.000,1.05668,1.06152,1.05506,1.05802,153027.35419999997
28.06.2022 00:00:00.000,1.05801,1.06065,1.05034,1.05225,215447.79630000002
29.06.2022 00:00:00.000,1.05223,1.05357,1.04354,1.04461,240169.6097
30.06.2022 00:00:00.000,1.04462,1.04889,1.03827,1.04788,256074.08019999994
01.07.2022 00:00:00.000,1.04787,1.04787,1.03660,1.04306,166320.86000000025